merged_image_id,merged_file_path,merged_label_path,split,original_zip,original_split,species_inferred_from_zip,image_id,file_path,common_name,order,family,species,wing_count,forewing_type,mouthpart_type,antenna_type,antenna_type_alt,leg_specialization,body_shape,waist_shape,image_quality,annotator,visibility_notes,notes
aedes_albopictus_img_000325,train/images/aedes_albopictus_img_000325.jpg,train/labels/aedes_albopictus_img_000325.txt,train,Aedes albopictus -Skuse-Sin aumentacion.zip,train,Aedes albopictus,img_000325,Dataset/Aedes albopictus (Skuse)/img_000325.jpg,Asian tiger mosquito,Diptera,Culicidae,albopictus,one_pair,membranous,piercing_sucking,plumose,filiform,generalist,slender,no_waist,,Angel,,
aedes_albopictus_img_000312,train/images/aedes_albopictus_img_000312.jpg,train/labels/aedes_albopictus_img_000312.txt,train,Aedes albopictus -Skuse-Sin aumentacion.zip,train,Aedes albopictus,img_000312,Dataset/Aedes albopictus (Skuse)/img_000312.jpg,Asian tiger mosquito,Diptera,Culicidae,albopictus,one_pair,membranous,piercing_sucking,plumose,filiform,generalist,slender,no_waist,,Angel,,
aedes_albopictus_img_000320,train/images/aedes_albopictus_img_000320.jpg,train/labels/aedes_albopictus_img_000320.txt,train,Aedes albopictus -Skuse-Sin aumentacion.zip,valid,Aedes albopictus,img_000320,Dataset/Aedes albopictus (Skuse)/img_000320.jpg,Asian tiger mosquito,Diptera,Culicidae,albopictus,one_pair,membranous,piercing_sucking,plumose,filiform,generalist,slender,no_waist,,Angel,,
aedes_albopictus_img_000295,train/images/aedes_albopictus_img_000295.jpg,train/labels/aedes_albopictus_img_000295.txt,train,Aedes albopictus -Skuse-Sin aumentacion.zip,train,Aedes albopictus,img_000295,Dataset/Aedes albopictus (Skuse)/img_000295.jpg,Asian tiger mosquito,Diptera,Culicidae,albopictus,one_pair,membranous,piercing_sucking,plumose,filiform,generalist,slender,no_waist,,Angel,,
aedes_albopictus_img_000303,train/images/aedes_albopictus_img_000303.jpg,train/labels/aedes_albopictus_img_000303.txt,train,Aedes albopictus -Skuse-Sin aumentacion.zip,train,Aedes albopictus,img_000303,Dataset/Aedes albopictus (Skuse)/img_000303.jpg,Asian tiger mosquito,Diptera,Culicidae,albopictus,one_pair,membranous,piercing_sucking,plumose,filiform,generalist,slender,no_waist,,Angel,,
aedes_albopictus_img_000308,train/images/aedes_albopictus_img_000308.jpg,train/labels/aedes_albopictus_img_000308.txt,train,Aedes albopictus -Skuse-Sin aumentacion.zip,train,Aedes albopictus,img_000308,Dataset/Aedes albopictus (Skuse)/img_000308.jpg,Asian tiger mosquito,Diptera,Culicidae,albopictus,one_pair,membranous,piercing_sucking,plumose,filiform,generalist,slender,no_waist,,Angel,,
aedes_albopictus_img_000282,train/images/aedes_albopictus_img_000282.jpg,train/labels/aedes_albopictus_img_000282.txt,train,Aedes albopictus -Skuse-Sin aumentacion.zip,test,Aedes albopictus,img_000282,Dataset/Aedes albopictus (Skuse)/img_000282.jpg,Asian tiger mosquito,Diptera,Culicidae,albopictus,one_pair,membranous,piercing_sucking,plumose,filiform,generalist,slender,no_waist,,Angel,,
aedes_albopictus_img_000310,train/images/aedes_albopictus_img_000310.jpg,train/labels/aedes_albopictus_img_000310.txt,train,Aedes albopictus -Skuse-Sin aumentacion.zip,test,Aedes albopictus,img_000310,Dataset/Aedes albopictus (Skuse)/img_000310.jpg,Asian tiger mosquito,Diptera,Culicidae,albopictus,one_pair,membranous,piercing_sucking,plumose,filiform,generalist,slender,no_waist,,Angel,,
aedes_albopictus_img_000330,train/images/aedes_albopictus_img_000330.jpg,train/labels/aedes_albopictus_img_000330.txt,train,Aedes albopictus -Skuse-Sin aumentacion.zip,train,Aedes albopictus,img_000330,Dataset/Aedes albopictus (Skuse)/img_000330.jpg,Asian tiger mosquito,Diptera,Culicidae,albopictus,one_pair,membranous,piercing_sucking,plumose,filiform,generalist,slender,no_waist,,Angel,,
aedes_albopictus_img_000307,train/images/aedes_albopictus_img_000307.jpg,train/labels/aedes_albopictus_img_000307.txt,train,Aedes albopictus -Skuse-Sin aumentacion.zip,train,Aedes albopictus,img_000307,Dataset/Aedes albopictus (Skuse)/img_000307.jpg,Asian tiger mosquito,Diptera,Culicidae,albopictus,one_pair,membranous,piercing_sucking,plumose,filiform,generalist,slender,no_waist,,Angel,,
aedes_albopictus_img_000291,train/images/aedes_albopictus_img_000291.jpg,train/labels/aedes_albopictus_img_000291.txt,train,Aedes albopictus -Skuse-Sin aumentacion.zip,train,Aedes albopictus,img_000291,Dataset/Aedes albopictus (Skuse)/img_000291.jpg,Asian tiger mosquito,Diptera,Culicidae,albopictus,one_pair,membranous,piercing_sucking,plumose,filiform,generalist,slender,no_waist,,Angel,,
aedes_albopictus_img_000328,train/images/aedes_albopictus_img_000328.jpg,train/labels/aedes_albopictus_img_000328.txt,train,Aedes albopictus -Skuse-Sin aumentacion.zip,train,Aedes albopictus,img_000328,Dataset/Aedes albopictus (Skuse)/img_000328.jpg,Asian tiger mosquito,Diptera,Culicidae,albopictus,one_pair,membranous,piercing_sucking,plumose,filiform,generalist,slender,no_waist,,Angel,,
aedes_albopictus_img_000296,train/images/aedes_albopictus_img_000296.jpg,train/labels/aedes_albopictus_img_000296.txt,train,Aedes albopictus -Skuse-Sin aumentacion.zip,valid,Aedes albopictus,img_000296,Dataset/Aedes albopictus (Skuse)/img_000296.jpg,Asian tiger mosquito,Diptera,Culicidae,albopictus,one_pair,membranous,piercing_sucking,plumose,filiform,generalist,slender,no_waist,,Angel,,
aedes_albopictus_img_000305,train/images/aedes_albopictus_img_000305.jpg,train/labels/aedes_albopictus_img_000305.txt,train,Aedes albopictus -Skuse-Sin aumentacion.zip,valid,Aedes albopictus,img_000305,Dataset/Aedes albopictus (Skuse)/img_000305.jpg,Asian tiger mosquito,Diptera,Culicidae,albopictus,one_pair,membranous,piercing_sucking,plumose,filiform,generalist,slender,no_waist,,Angel,,
aedes_albopictus_img_000324,train/images/aedes_albopictus_img_000324.jpg,train/labels/aedes_albopictus_img_000324.txt,train,Aedes albopictus -Skuse-Sin aumentacion.zip,train,Aedes albopictus,img_000324,Dataset/Aedes albopictus (Skuse)/img_000324.jpg,Asian tiger mosquito,Diptera,Culicidae,albopictus,one_pair,membranous,piercing_sucking,plumose,filiform,generalist,slender,no_waist,,Angel,,
aedes_albopictus_img_000323,train/images/aedes_albopictus_img_000323.jpg,train/labels/aedes_albopictus_img_000323.txt,train,Aedes albopictus -Skuse-Sin aumentacion.zip,test,Aedes albopictus,img_000323,Dataset/Aedes albopictus (Skuse)/img_000323.jpg,Asian tiger mosquito,Diptera,Culicidae,albopictus,one_pair,membranous,piercing_sucking,plumose,filiform,generalist,slender,no_waist,,Angel,,
aedes_albopictus_img_000283,train/images/aedes_albopictus_img_000283.jpg,train/labels/aedes_albopictus_img_000283.txt,train,Aedes albopictus -Skuse-Sin aumentacion.zip,train,Aedes albopictus,img_000283,Dataset/Aedes albopictus (Skuse)/img_000283.jpg,Asian tiger mosquito,Diptera,Culicidae,albopictus,one_pair,membranous,piercing_sucking,plumose,filiform,generalist,slender,no_waist,,Angel,,
aedes_albopictus_img_000309,train/images/aedes_albopictus_img_000309.jpg,train/labels/aedes_albopictus_img_000309.txt,train,Aedes albopictus -Skuse-Sin aumentacion.zip,train,Aedes albopictus,img_000309,Dataset/Aedes albopictus (Skuse)/img_000309.jpg,Asian tiger mosquito,Diptera,Culicidae,albopictus,one_pair,membranous,piercing_sucking,plumose,filiform,generalist,slender,no_waist,,Angel,,
aedes_albopictus_img_000316,train/images/aedes_albopictus_img_000316.jpg,train/labels/aedes_albopictus_img_000316.txt,train,Aedes albopictus -Skuse-Sin aumentacion.zip,valid,Aedes albopictus,img_000316,Dataset/Aedes albopictus (Skuse)/img_000316.jpg,Asian tiger mosquito,Diptera,Culicidae,albopictus,one_pair,membranous,piercing_sucking,plumose,filiform,generalist,slender,no_waist,,Angel,,
aedes_albopictus_img_000284,train/images/aedes_albopictus_img_000284.jpg,train/labels/aedes_albopictus_img_000284.txt,train,Aedes albopictus -Skuse-Sin aumentacion.zip,train,Aedes albopictus,img_000284,Dataset/Aedes albopictus (Skuse)/img_000284.jpg,Asian tiger mosquito,Diptera,Culicidae,albopictus,one_pair,membranous,piercing_sucking,plumose,filiform,generalist,slender,no_waist,,Angel,,
aedes_albopictus_img_000322,train/images/aedes_albopictus_img_000322.jpg,train/labels/aedes_albopictus_img_000322.txt,train,Aedes albopictus -Skuse-Sin aumentacion.zip,train,Aedes albopictus,img_000322,Dataset/Aedes albopictus (Skuse)/img_000322.jpg,Asian tiger mosquito,Diptera,Culicidae,albopictus,one_pair,membranous,piercing_sucking,plumose,filiform,generalist,slender,no_waist,,Angel,,
aedes_albopictus_img_000294,train/images/aedes_albopictus_img_000294.jpg,train/labels/aedes_albopictus_img_000294.txt,train,Aedes albopictus -Skuse-Sin aumentacion.zip,train,Aedes albopictus,img_000294,Dataset/Aedes albopictus (Skuse)/img_000294.jpg,Asian tiger mosquito,Diptera,Culicidae,albopictus,one_pair,membranous,piercing_sucking,plumose,filiform,generalist,slender,no_waist,,Angel,,
aedes_albopictus_img_000298,train/images/aedes_albopictus_img_000298.jpg,train/labels/aedes_albopictus_img_000298.txt,train,Aedes albopictus -Skuse-Sin aumentacion.zip,valid,Aedes albopictus,img_000298,Dataset/Aedes albopictus (Skuse)/img_000298.jpg,Asian tiger mosquito,Diptera,Culicidae,albopictus,one_pair,membranous,piercing_sucking,plumose,filiform,generalist,slender,no_waist,,Angel,,
aedes_albopictus_img_000311,train/images/aedes_albopictus_img_000311.jpg,train/labels/aedes_albopictus_img_000311.txt,train,Aedes albopictus -Skuse-Sin aumentacion.zip,train,Aedes albopictus,img_000311,Dataset/Aedes albopictus (Skuse)/img_000311.jpg,Asian tiger mosquito,Diptera,Culicidae,albopictus,one_pair,membranous,piercing_sucking,plumose,filiform,generalist,slender,no_waist,,Angel,,
aedes_albopictus_img_000333,train/images/aedes_albopictus_img_000333.jpg,train/labels/aedes_albopictus_img_000333.txt,train,Aedes albopictus -Skuse-Sin aumentacion.zip,train,Aedes albopictus,img_000333,Dataset/Aedes albopictus (Skuse)/img_000333.jpg,Asian tiger mosquito,Diptera,Culicidae,albopictus,one_pair,membranous,piercing_sucking,plumose,filiform,generalist,slender,no_waist,,Angel,,
aedes_albopictus_img_000313,train/images/aedes_albopictus_img_000313.jpg,train/labels/aedes_albopictus_img_000313.txt,train,Aedes albopictus -Skuse-Sin aumentacion.zip,train,Aedes albopictus,img_000313,Dataset/Aedes albopictus (Skuse)/img_000313.jpg,Asian tiger mosquito,Diptera,Culicidae,albopictus,one_pair,membranous,piercing_sucking,plumose,filiform,generalist,slender,no_waist,,Angel,,
aedes_albopictus_img_000001,train/images/aedes_albopictus_img_000001.jpg,train/labels/aedes_albopictus_img_000001.txt,train,Aedes albopictus -Skuse-Sin aumentacion.zip,train,Aedes albopictus,img_000001,Dataset/Aedes albopictus (Skuse)/img_000001.jpg,Asian tiger mosquito,Diptera,Culicidae,albopictus,one_pair,membranous,piercing_sucking,plumose,filiform,generalist,slender,no_waist,high,bruno,no se veía bien la boca ,
aedes_albopictus_img_000314,train/images/aedes_albopictus_img_000314.jpg,train/labels/aedes_albopictus_img_000314.txt,train,Aedes albopictus -Skuse-Sin aumentacion.zip,train,Aedes albopictus,img_000314,Dataset/Aedes albopictus (Skuse)/img_000314.jpg,Asian tiger mosquito,Diptera,Culicidae,albopictus,one_pair,membranous,piercing_sucking,plumose,filiform,generalist,slender,no_waist,,Angel,,
aedes_albopictus_img_000288,train/images/aedes_albopictus_img_000288.jpg,train/labels/aedes_albopictus_img_000288.txt,train,Aedes albopictus -Skuse-Sin aumentacion.zip,test,Aedes albopictus,img_000288,Dataset/Aedes albopictus (Skuse)/img_000288.jpg,Asian tiger mosquito,Diptera,Culicidae,albopictus,one_pair,membranous,piercing_sucking,plumose,filiform,generalist,slender,no_waist,,Angel,,
aedes_albopictus_img_000306,train/images/aedes_albopictus_img_000306.jpg,train/labels/aedes_albopictus_img_000306.txt,train,Aedes albopictus -Skuse-Sin aumentacion.zip,train,Aedes albopictus,img_000306,Dataset/Aedes albopictus (Skuse)/img_000306.jpg,Asian tiger mosquito,Diptera,Culicidae,albopictus,one_pair,membranous,piercing_sucking,plumose,filiform,generalist,slender,no_waist,,Angel,,
aedes_albopictus_img_000326,train/images/aedes_albopictus_img_000326.jpg,train/labels/aedes_albopictus_img_000326.txt,train,Aedes albopictus -Skuse-Sin aumentacion.zip,train,Aedes albopictus,img_000326,Dataset/Aedes albopictus (Skuse)/img_000326.jpg,Asian tiger mosquito,Diptera,Culicidae,albopictus,one_pair,membranous,piercing_sucking,plumose,filiform,generalist,slender,no_waist,,Angel,,
aedes_albopictus_img_000331,train/images/aedes_albopictus_img_000331.jpg,train/labels/aedes_albopictus_img_000331.txt,train,Aedes albopictus -Skuse-Sin aumentacion.zip,train,Aedes albopictus,img_000331,Dataset/Aedes albopictus (Skuse)/img_000331.jpg,Asian tiger mosquito,Diptera,Culicidae,albopictus,one_pair,membranous,piercing_sucking,plumose,filiform,generalist,slender,no_waist,,Angel,,
aedes_albopictus_img_000319,train/images/aedes_albopictus_img_000319.jpg,train/labels/aedes_albopictus_img_000319.txt,train,Aedes albopictus -Skuse-Sin aumentacion.zip,train,Aedes albopictus,img_000319,Dataset/Aedes albopictus (Skuse)/img_000319.jpg,Asian tiger mosquito,Diptera,Culicidae,albopictus,one_pair,membranous,piercing_sucking,plumose,filiform,generalist,slender,no_waist,,Angel,,
aedes_albopictus_img_000297,train/images/aedes_albopictus_img_000297.jpg,train/labels/aedes_albopictus_img_000297.txt,train,Aedes albopictus -Skuse-Sin aumentacion.zip,train,Aedes albopictus,img_000297,Dataset/Aedes albopictus (Skuse)/img_000297.jpg,Asian tiger mosquito,Diptera,Culicidae,albopictus,one_pair,membranous,piercing_sucking,plumose,filiform,generalist,slender,no_waist,,Angel,,
aedes_albopictus_img_000287,train/images/aedes_albopictus_img_000287.jpg,train/labels/aedes_albopictus_img_000287.txt,train,Aedes albopictus -Skuse-Sin aumentacion.zip,valid,Aedes albopictus,img_000287,Dataset/Aedes albopictus (Skuse)/img_000287.jpg,Asian tiger mosquito,Diptera,Culicidae,albopictus,one_pair,membranous,piercing_sucking,plumose,filiform,generalist,slender,no_waist,,Angel,,
aedes_albopictus_img_000327,train/images/aedes_albopictus_img_000327.jpg,train/labels/aedes_albopictus_img_000327.txt,train,Aedes albopictus -Skuse-Sin aumentacion.zip,train,Aedes albopictus,img_000327,Dataset/Aedes albopictus (Skuse)/img_000327.jpg,Asian tiger mosquito,Diptera,Culicidae,albopictus,one_pair,membranous,piercing_sucking,plumose,filiform,generalist,slender,no_waist,,Angel,,
aedes_albopictus_img_000318,train/images/aedes_albopictus_img_000318.jpg,train/labels/aedes_albopictus_img_000318.txt,train,Aedes albopictus -Skuse-Sin aumentacion.zip,valid,Aedes albopictus,img_000318,Dataset/Aedes albopictus (Skuse)/img_000318.jpg,Asian tiger mosquito,Diptera,Culicidae,albopictus,one_pair,membranous,piercing_sucking,plumose,filiform,generalist,slender,no_waist,,Angel,,
aedes_albopictus_img_000299,train/images/aedes_albopictus_img_000299.jpg,train/labels/aedes_albopictus_img_000299.txt,train,Aedes albopictus -Skuse-Sin aumentacion.zip,train,Aedes albopictus,img_000299,Dataset/Aedes albopictus (Skuse)/img_000299.jpg,Asian tiger mosquito,Diptera,Culicidae,albopictus,one_pair,membranous,piercing_sucking,plumose,filiform,generalist,slender,no_waist,,Angel,,
aedes_albopictus_img_000315,valid/images/aedes_albopictus_img_000315.jpg,valid/labels/aedes_albopictus_img_000315.txt,valid,Aedes albopictus -Skuse-Sin aumentacion.zip,valid,Aedes albopictus,img_000315,Dataset/Aedes albopictus (Skuse)/img_000315.jpg,Asian tiger mosquito,Diptera,Culicidae,albopictus,one_pair,membranous,piercing_sucking,plumose,filiform,generalist,slender,no_waist,,Angel,,
aedes_albopictus_img_000292,valid/images/aedes_albopictus_img_000292.jpg,valid/labels/aedes_albopictus_img_000292.txt,valid,Aedes albopictus -Skuse-Sin aumentacion.zip,test,Aedes albopictus,img_000292,Dataset/Aedes albopictus (Skuse)/img_000292.jpg,Asian tiger mosquito,Diptera,Culicidae,albopictus,one_pair,membranous,piercing_sucking,plumose,filiform,generalist,slender,no_waist,,Angel,,
aedes_albopictus_img_000281,valid/images/aedes_albopictus_img_000281.jpg,valid/labels/aedes_albopictus_img_000281.txt,valid,Aedes albopictus -Skuse-Sin aumentacion.zip,train,Aedes albopictus,img_000281,Dataset/Aedes albopictus (Skuse)/img_000281.jpg,Asian tiger mosquito,Diptera,Culicidae,albopictus,one_pair,membranous,piercing_sucking,plumose,filiform,generalist,slender,no_waist,,Angel,,
aedes_albopictus_img_000321,valid/images/aedes_albopictus_img_000321.jpg,valid/labels/aedes_albopictus_img_000321.txt,valid,Aedes albopictus -Skuse-Sin aumentacion.zip,train,Aedes albopictus,img_000321,Dataset/Aedes albopictus (Skuse)/img_000321.jpg,Asian tiger mosquito,Diptera,Culicidae,albopictus,one_pair,membranous,piercing_sucking,plumose,filiform,generalist,slender,no_waist,,Angel,,
aedes_albopictus_img_000332,valid/images/aedes_albopictus_img_000332.jpg,valid/labels/aedes_albopictus_img_000332.txt,valid,Aedes albopictus -Skuse-Sin aumentacion.zip,train,Aedes albopictus,img_000332,Dataset/Aedes albopictus (Skuse)/img_000332.jpg,Asian tiger mosquito,Diptera,Culicidae,albopictus,one_pair,membranous,piercing_sucking,plumose,filiform,generalist,slender,no_waist,,Angel,,
aedes_albopictus_img_000285,valid/images/aedes_albopictus_img_000285.jpg,valid/labels/aedes_albopictus_img_000285.txt,valid,Aedes albopictus -Skuse-Sin aumentacion.zip,train,Aedes albopictus,img_000285,Dataset/Aedes albopictus (Skuse)/img_000285.jpg,Asian tiger mosquito,Diptera,Culicidae,albopictus,one_pair,membranous,piercing_sucking,plumose,filiform,generalist,slender,no_waist,,Angel,,
aedes_albopictus_img_000329,valid/images/aedes_albopictus_img_000329.jpg,valid/labels/aedes_albopictus_img_000329.txt,valid,Aedes albopictus -Skuse-Sin aumentacion.zip,train,Aedes albopictus,img_000329,Dataset/Aedes albopictus (Skuse)/img_000329.jpg,Asian tiger mosquito,Diptera,Culicidae,albopictus,one_pair,membranous,piercing_sucking,plumose,filiform,generalist,slender,no_waist,,Angel,,
aedes_albopictus_img_000301,valid/images/aedes_albopictus_img_000301.jpg,valid/labels/aedes_albopictus_img_000301.txt,valid,Aedes albopictus -Skuse-Sin aumentacion.zip,valid,Aedes albopictus,img_000301,Dataset/Aedes albopictus (Skuse)/img_000301.jpg,Asian tiger mosquito,Diptera,Culicidae,albopictus,one_pair,membranous,piercing_sucking,plumose,filiform,generalist,slender,no_waist,,Angel,,
aedes_albopictus_img_000286,valid/images/aedes_albopictus_img_000286.jpg,valid/labels/aedes_albopictus_img_000286.txt,valid,Aedes albopictus -Skuse-Sin aumentacion.zip,train,Aedes albopictus,img_000286,Dataset/Aedes albopictus (Skuse)/img_000286.jpg,Asian tiger mosquito,Diptera,Culicidae,albopictus,one_pair,membranous,piercing_sucking,plumose,filiform,generalist,slender,no_waist,,Angel,,
aedes_albopictus_img_000290,valid/images/aedes_albopictus_img_000290.jpg,valid/labels/aedes_albopictus_img_000290.txt,valid,Aedes albopictus -Skuse-Sin aumentacion.zip,train,Aedes albopictus,img_000290,Dataset/Aedes albopictus (Skuse)/img_000290.jpg,Asian tiger mosquito,Diptera,Culicidae,albopictus,one_pair,membranous,piercing_sucking,plumose,filiform,generalist,slender,no_waist,,Angel,,
aedes_albopictus_img_000300,valid/images/aedes_albopictus_img_000300.jpg,valid/labels/aedes_albopictus_img_000300.txt,valid,Aedes albopictus -Skuse-Sin aumentacion.zip,train,Aedes albopictus,img_000300,Dataset/Aedes albopictus (Skuse)/img_000300.jpg,Asian tiger mosquito,Diptera,Culicidae,albopictus,one_pair,membranous,piercing_sucking,plumose,filiform,generalist,slender,no_waist,,Angel,,
aedes_albopictus_img_000302,test/images/aedes_albopictus_img_000302.jpg,test/labels/aedes_albopictus_img_000302.txt,test,Aedes albopictus -Skuse-Sin aumentacion.zip,train,Aedes albopictus,img_000302,Dataset/Aedes albopictus (Skuse)/img_000302.jpg,Asian tiger mosquito,Diptera,Culicidae,albopictus,one_pair,membranous,piercing_sucking,plumose,filiform,generalist,slender,no_waist,,Angel,,
aedes_albopictus_img_000304,test/images/aedes_albopictus_img_000304.jpg,test/labels/aedes_albopictus_img_000304.txt,test,Aedes albopictus -Skuse-Sin aumentacion.zip,train,Aedes albopictus,img_000304,Dataset/Aedes albopictus (Skuse)/img_000304.jpg,Asian tiger mosquito,Diptera,Culicidae,albopictus,one_pair,membranous,piercing_sucking,plumose,filiform,generalist,slender,no_waist,,Angel,,
aedes_albopictus_img_000317,test/images/aedes_albopictus_img_000317.jpg,test/labels/aedes_albopictus_img_000317.txt,test,Aedes albopictus -Skuse-Sin aumentacion.zip,valid,Aedes albopictus,img_000317,Dataset/Aedes albopictus (Skuse)/img_000317.jpg,Asian tiger mosquito,Diptera,Culicidae,albopictus,one_pair,membranous,piercing_sucking,plumose,filiform,generalist,slender,no_waist,,Angel,,
aedes_albopictus_img_000280,test/images/aedes_albopictus_img_000280.jpg,test/labels/aedes_albopictus_img_000280.txt,test,Aedes albopictus -Skuse-Sin aumentacion.zip,train,Aedes albopictus,img_000280,Dataset/Aedes albopictus (Skuse)/img_000280.jpg,Asian tiger mosquito,Diptera,Culicidae,albopictus,one_pair,membranous,piercing_sucking,plumose,filiform,generalist,slender,no_waist,,Angel,,
aedes_albopictus_img_000289,test/images/aedes_albopictus_img_000289.jpg,test/labels/aedes_albopictus_img_000289.txt,test,Aedes albopictus -Skuse-Sin aumentacion.zip,train,Aedes albopictus,img_000289,Dataset/Aedes albopictus (Skuse)/img_000289.jpg,Asian tiger mosquito,Diptera,Culicidae,albopictus,one_pair,membranous,piercing_sucking,plumose,filiform,generalist,slender,no_waist,,Angel,,
aedes_albopictus_img_000293,test/images/aedes_albopictus_img_000293.jpg,test/labels/aedes_albopictus_img_000293.txt,test,Aedes albopictus -Skuse-Sin aumentacion.zip,valid,Aedes albopictus,img_000293,Dataset/Aedes albopictus (Skuse)/img_000293.jpg,Asian tiger mosquito,Diptera,Culicidae,albopictus,one_pair,membranous,piercing_sucking,plumose,filiform,generalist,slender,no_waist,,Angel,,
apis_mellifera_img_000132,train/images/apis_mellifera_img_000132.jpg,train/labels/apis_mellifera_img_000132.txt,train,apis-mellifera-linnaeus.yolov8.zip,train,Apis mellifera,img_000132,Dataset/Apis mellifera Linnaeus/img_000132.jpg,honey bee,Hymenoptera,Apidae,mellifera,two_pairs,membranous,chewing,filiform,,generalist,elongated,narrow_waist,,Angel,,
apis_mellifera_img_000110,train/images/apis_mellifera_img_000110.jpg,train/labels/apis_mellifera_img_000110.txt,train,apis-mellifera-linnaeus.yolov8.zip,test,Apis mellifera,img_000110,Dataset/Apis mellifera Linnaeus/img_000110.jpg,honey bee,Hymenoptera,Apidae,mellifera,two_pairs,membranous,chewing,filiform,,generalist,elongated,narrow_waist,,Angel,,
apis_mellifera_img_000153,train/images/apis_mellifera_img_000153.jpg,train/labels/apis_mellifera_img_000153.txt,train,apis-mellifera-linnaeus.yolov8.zip,train,Apis mellifera,img_000153,Dataset/Apis mellifera Linnaeus/img_000153.jpg,honey bee,Hymenoptera,Apidae,mellifera,two_pairs,membranous,chewing,filiform,,generalist,elongated,narrow_waist,,Angel,,
apis_mellifera_img_000134,train/images/apis_mellifera_img_000134.jpg,train/labels/apis_mellifera_img_000134.txt,train,apis-mellifera-linnaeus.yolov8.zip,train,Apis mellifera,img_000134,Dataset/Apis mellifera Linnaeus/img_000134.jpg,honey bee,Hymenoptera,Apidae,mellifera,two_pairs,membranous,chewing,filiform,,generalist,elongated,narrow_waist,,Angel,,
apis_mellifera_img_000112,train/images/apis_mellifera_img_000112.jpg,train/labels/apis_mellifera_img_000112.txt,train,apis-mellifera-linnaeus.yolov8.zip,train,Apis mellifera,img_000112,Dataset/Apis mellifera Linnaeus/img_000112.jpg,honey bee,Hymenoptera,Apidae,mellifera,two_pairs,membranous,chewing,filiform,,generalist,elongated,narrow_waist,,Angel,,
apis_mellifera_img_000125,train/images/apis_mellifera_img_000125.jpg,train/labels/apis_mellifera_img_000125.txt,train,apis-mellifera-linnaeus.yolov8.zip,train,Apis mellifera,img_000125,Dataset/Apis mellifera Linnaeus/img_000125.jpg,honey bee,Hymenoptera,Apidae,mellifera,two_pairs,membranous,chewing,filiform,,generalist,elongated,narrow_waist,,Angel,,
apis_mellifera_img_000147,train/images/apis_mellifera_img_000147.jpg,train/labels/apis_mellifera_img_000147.txt,train,apis-mellifera-linnaeus.yolov8.zip,train,Apis mellifera,img_000147,Dataset/Apis mellifera Linnaeus/img_000147.jpg,honey bee,Hymenoptera,Apidae,mellifera,two_pairs,membranous,chewing,filiform,,generalist,elongated,narrow_waist,,Angel,,
apis_mellifera_img_000162,train/images/apis_mellifera_img_000162.jpg,train/labels/apis_mellifera_img_000162.txt,train,apis-mellifera-linnaeus.yolov8.zip,test,Apis mellifera,img_000162,Dataset/Apis mellifera Linnaeus/img_000162.jpg,honey bee,Hymenoptera,Apidae,mellifera,two_pairs,membranous,chewing,filiform,,generalist,elongated,narrow_waist,,Angel,,
apis_mellifera_img_000149,train/images/apis_mellifera_img_000149.jpg,train/labels/apis_mellifera_img_000149.txt,train,apis-mellifera-linnaeus.yolov8.zip,test,Apis mellifera,img_000149,Dataset/Apis mellifera Linnaeus/img_000149.jpg,honey bee,Hymenoptera,Apidae,mellifera,two_pairs,membranous,chewing,filiform,,generalist,elongated,narrow_waist,,Angel,,
apis_mellifera_img_000127,train/images/apis_mellifera_img_000127.jpg,train/labels/apis_mellifera_img_000127.txt,train,apis-mellifera-linnaeus.yolov8.zip,train,Apis mellifera,img_000127,Dataset/Apis mellifera Linnaeus/img_000127.jpg,honey bee,Hymenoptera,Apidae,mellifera,two_pairs,membranous,chewing,filiform,,generalist,elongated,narrow_waist,,Angel,,
apis_mellifera_img_000114,train/images/apis_mellifera_img_000114.jpg,train/labels/apis_mellifera_img_000114.txt,train,apis-mellifera-linnaeus.yolov8.zip,train,Apis mellifera,img_000114,Dataset/Apis mellifera Linnaeus/img_000114.jpg,honey bee,Hymenoptera,Apidae,mellifera,two_pairs,membranous,chewing,filiform,,generalist,elongated,narrow_waist,,Angel,,
apis_mellifera_img_000111,train/images/apis_mellifera_img_000111.jpg,train/labels/apis_mellifera_img_000111.txt,train,apis-mellifera-linnaeus.yolov8.zip,train,Apis mellifera,img_000111,Dataset/Apis mellifera Linnaeus/img_000111.jpg,honey bee,Hymenoptera,Apidae,mellifera,two_pairs,membranous,chewing,filiform,,generalist,elongated,narrow_waist,,Angel,,
apis_mellifera_img_000146,train/images/apis_mellifera_img_000146.jpg,train/labels/apis_mellifera_img_000146.txt,train,apis-mellifera-linnaeus.yolov8.zip,train,Apis mellifera,img_000146,Dataset/Apis mellifera Linnaeus/img_000146.jpg,honey bee,Hymenoptera,Apidae,mellifera,two_pairs,membranous,chewing,filiform,,generalist,elongated,narrow_waist,,Angel,,
apis_mellifera_img_000148,train/images/apis_mellifera_img_000148.jpg,train/labels/apis_mellifera_img_000148.txt,train,apis-mellifera-linnaeus.yolov8.zip,valid,Apis mellifera,img_000148,Dataset/Apis mellifera Linnaeus/img_000148.jpg,honey bee,Hymenoptera,Apidae,mellifera,two_pairs,membranous,chewing,filiform,,generalist,elongated,narrow_waist,,Angel,,
apis_mellifera_img_000155,train/images/apis_mellifera_img_000155.jpg,train/labels/apis_mellifera_img_000155.txt,train,apis-mellifera-linnaeus.yolov8.zip,train,Apis mellifera,img_000155,Dataset/Apis mellifera Linnaeus/img_000155.jpg,honey bee,Hymenoptera,Apidae,mellifera,two_pairs,membranous,chewing,filiform,,generalist,elongated,narrow_waist,,Angel,,
apis_mellifera_img_000161,train/images/apis_mellifera_img_000161.jpg,train/labels/apis_mellifera_img_000161.txt,train,apis-mellifera-linnaeus.yolov8.zip,train,Apis mellifera,img_000161,Dataset/Apis mellifera Linnaeus/img_000161.jpg,honey bee,Hymenoptera,Apidae,mellifera,two_pairs,membranous,chewing,filiform,,generalist,elongated,narrow_waist,,Angel,,
apis_mellifera_img_000151,train/images/apis_mellifera_img_000151.jpg,train/labels/apis_mellifera_img_000151.txt,train,apis-mellifera-linnaeus.yolov8.zip,train,Apis mellifera,img_000151,Dataset/Apis mellifera Linnaeus/img_000151.jpg,honey bee,Hymenoptera,Apidae,mellifera,two_pairs,membranous,chewing,filiform,,generalist,elongated,narrow_waist,,Angel,,
apis_mellifera_img_000124,train/images/apis_mellifera_img_000124.jpg,train/labels/apis_mellifera_img_000124.txt,train,apis-mellifera-linnaeus.yolov8.zip,train,Apis mellifera,img_000124,Dataset/Apis mellifera Linnaeus/img_000124.jpg,honey bee,Hymenoptera,Apidae,mellifera,two_pairs,membranous,chewing,filiform,,generalist,elongated,narrow_waist,,Angel,,
apis_mellifera_img_000118,train/images/apis_mellifera_img_000118.jpg,train/labels/apis_mellifera_img_000118.txt,train,apis-mellifera-linnaeus.yolov8.zip,test,Apis mellifera,img_000118,Dataset/Apis mellifera Linnaeus/img_000118.jpg,honey bee,Hymenoptera,Apidae,mellifera,two_pairs,membranous,chewing,filiform,,generalist,elongated,narrow_waist,,Angel,,
apis_mellifera_img_000135,train/images/apis_mellifera_img_000135.jpg,train/labels/apis_mellifera_img_000135.txt,train,apis-mellifera-linnaeus.yolov8.zip,valid,Apis mellifera,img_000135,Dataset/Apis mellifera Linnaeus/img_000135.jpg,honey bee,Hymenoptera,Apidae,mellifera,two_pairs,membranous,chewing,filiform,,generalist,elongated,narrow_waist,,Angel,,
apis_mellifera_img_000157,train/images/apis_mellifera_img_000157.jpg,train/labels/apis_mellifera_img_000157.txt,train,apis-mellifera-linnaeus.yolov8.zip,train,Apis mellifera,img_000157,Dataset/Apis mellifera Linnaeus/img_000157.jpg,honey bee,Hymenoptera,Apidae,mellifera,two_pairs,membranous,chewing,filiform,,generalist,elongated,narrow_waist,,Angel,,
apis_mellifera_img_000121,train/images/apis_mellifera_img_000121.jpg,train/labels/apis_mellifera_img_000121.txt,train,apis-mellifera-linnaeus.yolov8.zip,train,Apis mellifera,img_000121,Dataset/Apis mellifera Linnaeus/img_000121.jpg,honey bee,Hymenoptera,Apidae,mellifera,two_pairs,membranous,chewing,filiform,,generalist,elongated,narrow_waist,,Angel,,
apis_mellifera_img_000154,train/images/apis_mellifera_img_000154.jpg,train/labels/apis_mellifera_img_000154.txt,train,apis-mellifera-linnaeus.yolov8.zip,train,Apis mellifera,img_000154,Dataset/Apis mellifera Linnaeus/img_000154.jpg,honey bee,Hymenoptera,Apidae,mellifera,two_pairs,membranous,chewing,filiform,,generalist,elongated,narrow_waist,,Angel,,
apis_mellifera_img_000117,train/images/apis_mellifera_img_000117.jpg,train/labels/apis_mellifera_img_000117.txt,train,apis-mellifera-linnaeus.yolov8.zip,test,Apis mellifera,img_000117,Dataset/Apis mellifera Linnaeus/img_000117.jpg,honey bee,Hymenoptera,Apidae,mellifera,two_pairs,membranous,chewing,filiform,,generalist,elongated,narrow_waist,,Angel,,
apis_mellifera_img_000150,train/images/apis_mellifera_img_000150.jpg,train/labels/apis_mellifera_img_000150.txt,train,apis-mellifera-linnaeus.yolov8.zip,train,Apis mellifera,img_000150,Dataset/Apis mellifera Linnaeus/img_000150.jpg,honey bee,Hymenoptera,Apidae,mellifera,two_pairs,membranous,chewing,filiform,,generalist,elongated,narrow_waist,,Angel,,
apis_mellifera_img_000139,train/images/apis_mellifera_img_000139.jpg,train/labels/apis_mellifera_img_000139.txt,train,apis-mellifera-linnaeus.yolov8.zip,train,Apis mellifera,img_000139,Dataset/Apis mellifera Linnaeus/img_000139.jpg,honey bee,Hymenoptera,Apidae,mellifera,two_pairs,membranous,chewing,filiform,,generalist,elongated,narrow_waist,,Angel,,
apis_mellifera_img_000164,train/images/apis_mellifera_img_000164.jpg,train/labels/apis_mellifera_img_000164.txt,train,apis-mellifera-linnaeus.yolov8.zip,valid,Apis mellifera,img_000164,Dataset/Apis mellifera Linnaeus/img_000164.jpg,honey bee,Hymenoptera,Apidae,mellifera,two_pairs,membranous,chewing,filiform,,generalist,elongated,narrow_waist,,Angel,,
apis_mellifera_img_000140,train/images/apis_mellifera_img_000140.jpg,train/labels/apis_mellifera_img_000140.txt,train,apis-mellifera-linnaeus.yolov8.zip,train,Apis mellifera,img_000140,Dataset/Apis mellifera Linnaeus/img_000140.jpg,honey bee,Hymenoptera,Apidae,mellifera,two_pairs,membranous,chewing,filiform,,generalist,elongated,narrow_waist,,Angel,,
apis_mellifera_img_000142,train/images/apis_mellifera_img_000142.jpg,train/labels/apis_mellifera_img_000142.txt,train,apis-mellifera-linnaeus.yolov8.zip,train,Apis mellifera,img_000142,Dataset/Apis mellifera Linnaeus/img_000142.jpg,honey bee,Hymenoptera,Apidae,mellifera,two_pairs,membranous,chewing,filiform,,generalist,elongated,narrow_waist,,Angel,,
apis_mellifera_img_000116,train/images/apis_mellifera_img_000116.jpg,train/labels/apis_mellifera_img_000116.txt,train,apis-mellifera-linnaeus.yolov8.zip,valid,Apis mellifera,img_000116,Dataset/Apis mellifera Linnaeus/img_000116.jpg,honey bee,Hymenoptera,Apidae,mellifera,two_pairs,membranous,chewing,filiform,,generalist,elongated,narrow_waist,,Angel,,
apis_mellifera_img_000156,train/images/apis_mellifera_img_000156.jpg,train/labels/apis_mellifera_img_000156.txt,train,apis-mellifera-linnaeus.yolov8.zip,train,Apis mellifera,img_000156,Dataset/Apis mellifera Linnaeus/img_000156.jpg,honey bee,Hymenoptera,Apidae,mellifera,two_pairs,membranous,chewing,filiform,,generalist,elongated,narrow_waist,,Angel,,
apis_mellifera_img_000122,train/images/apis_mellifera_img_000122.jpg,train/labels/apis_mellifera_img_000122.txt,train,apis-mellifera-linnaeus.yolov8.zip,valid,Apis mellifera,img_000122,Dataset/Apis mellifera Linnaeus/img_000122.jpg,honey bee,Hymenoptera,Apidae,mellifera,two_pairs,membranous,chewing,filiform,,generalist,elongated,narrow_waist,,Angel,,
apis_mellifera_img_000130,train/images/apis_mellifera_img_000130.jpg,train/labels/apis_mellifera_img_000130.txt,train,apis-mellifera-linnaeus.yolov8.zip,train,Apis mellifera,img_000130,Dataset/Apis mellifera Linnaeus/img_000130.jpg,honey bee,Hymenoptera,Apidae,mellifera,two_pairs,membranous,chewing,filiform,,generalist,elongated,narrow_waist,,Angel,,
apis_mellifera_img_000143,train/images/apis_mellifera_img_000143.jpg,train/labels/apis_mellifera_img_000143.txt,train,apis-mellifera-linnaeus.yolov8.zip,train,Apis mellifera,img_000143,Dataset/Apis mellifera Linnaeus/img_000143.jpg,honey bee,Hymenoptera,Apidae,mellifera,two_pairs,membranous,chewing,filiform,,generalist,elongated,narrow_waist,,Angel,,
apis_mellifera_img_000133,train/images/apis_mellifera_img_000133.jpg,train/labels/apis_mellifera_img_000133.txt,train,apis-mellifera-linnaeus.yolov8.zip,test,Apis mellifera,img_000133,Dataset/Apis mellifera Linnaeus/img_000133.jpg,honey bee,Hymenoptera,Apidae,mellifera,two_pairs,membranous,chewing,filiform,,generalist,elongated,narrow_waist,,Angel,,
apis_mellifera_img_000126,train/images/apis_mellifera_img_000126.jpg,train/labels/apis_mellifera_img_000126.txt,train,apis-mellifera-linnaeus.yolov8.zip,train,Apis mellifera,img_000126,Dataset/Apis mellifera Linnaeus/img_000126.jpg,honey bee,Hymenoptera,Apidae,mellifera,two_pairs,membranous,chewing,filiform,,generalist,elongated,narrow_waist,,Angel,,
apis_mellifera_img_000141,train/images/apis_mellifera_img_000141.jpg,train/labels/apis_mellifera_img_000141.txt,train,apis-mellifera-linnaeus.yolov8.zip,test,Apis mellifera,img_000141,Dataset/Apis mellifera Linnaeus/img_000141.jpg,honey bee,Hymenoptera,Apidae,mellifera,two_pairs,membranous,chewing,filiform,,generalist,elongated,narrow_waist,,Angel,,
apis_mellifera_img_000152,train/images/apis_mellifera_img_000152.jpg,train/labels/apis_mellifera_img_000152.txt,train,apis-mellifera-linnaeus.yolov8.zip,train,Apis mellifera,img_000152,Dataset/Apis mellifera Linnaeus/img_000152.jpg,honey bee,Hymenoptera,Apidae,mellifera,two_pairs,membranous,chewing,filiform,,generalist,elongated,narrow_waist,,Angel,,
apis_mellifera_img_000137,valid/images/apis_mellifera_img_000137.jpg,valid/labels/apis_mellifera_img_000137.txt,valid,apis-mellifera-linnaeus.yolov8.zip,train,Apis mellifera,img_000137,Dataset/Apis mellifera Linnaeus/img_000137.jpg,honey bee,Hymenoptera,Apidae,mellifera,two_pairs,membranous,chewing,filiform,,generalist,elongated,narrow_waist,,Angel,,
apis_mellifera_img_000145,valid/images/apis_mellifera_img_000145.jpg,valid/labels/apis_mellifera_img_000145.txt,valid,apis-mellifera-linnaeus.yolov8.zip,train,Apis mellifera,img_000145,Dataset/Apis mellifera Linnaeus/img_000145.jpg,honey bee,Hymenoptera,Apidae,mellifera,two_pairs,membranous,chewing,filiform,,generalist,elongated,narrow_waist,,Angel,,
apis_mellifera_img_000120,valid/images/apis_mellifera_img_000120.jpg,valid/labels/apis_mellifera_img_000120.txt,valid,apis-mellifera-linnaeus.yolov8.zip,train,Apis mellifera,img_000120,Dataset/Apis mellifera Linnaeus/img_000120.jpg,honey bee,Hymenoptera,Apidae,mellifera,two_pairs,membranous,chewing,filiform,,generalist,elongated,narrow_waist,,Angel,,
apis_mellifera_img_000159,valid/images/apis_mellifera_img_000159.jpg,valid/labels/apis_mellifera_img_000159.txt,valid,apis-mellifera-linnaeus.yolov8.zip,valid,Apis mellifera,img_000159,Dataset/Apis mellifera Linnaeus/img_000159.jpg,honey bee,Hymenoptera,Apidae,mellifera,two_pairs,membranous,chewing,filiform,,generalist,elongated,narrow_waist,,Angel,,
apis_mellifera_img_000119,valid/images/apis_mellifera_img_000119.jpg,valid/labels/apis_mellifera_img_000119.txt,valid,apis-mellifera-linnaeus.yolov8.zip,train,Apis mellifera,img_000119,Dataset/Apis mellifera Linnaeus/img_000119.jpg,honey bee,Hymenoptera,Apidae,mellifera,two_pairs,membranous,chewing,filiform,,generalist,elongated,narrow_waist,,Angel,,
apis_mellifera_img_000138,valid/images/apis_mellifera_img_000138.jpg,valid/labels/apis_mellifera_img_000138.txt,valid,apis-mellifera-linnaeus.yolov8.zip,train,Apis mellifera,img_000138,Dataset/Apis mellifera Linnaeus/img_000138.jpg,honey bee,Hymenoptera,Apidae,mellifera,two_pairs,membranous,chewing,filiform,,generalist,elongated,narrow_waist,,Angel,,
apis_mellifera_img_000131,valid/images/apis_mellifera_img_000131.jpg,valid/labels/apis_mellifera_img_000131.txt,valid,apis-mellifera-linnaeus.yolov8.zip,train,Apis mellifera,img_000131,Dataset/Apis mellifera Linnaeus/img_000131.jpg,honey bee,Hymenoptera,Apidae,mellifera,two_pairs,membranous,chewing,filiform,,generalist,elongated,narrow_waist,,Angel,,
apis_mellifera_img_000136,valid/images/apis_mellifera_img_000136.jpg,valid/labels/apis_mellifera_img_000136.txt,valid,apis-mellifera-linnaeus.yolov8.zip,valid,Apis mellifera,img_000136,Dataset/Apis mellifera Linnaeus/img_000136.jpg,honey bee,Hymenoptera,Apidae,mellifera,two_pairs,membranous,chewing,filiform,,generalist,elongated,narrow_waist,,Angel,,
apis_mellifera_img_000113,valid/images/apis_mellifera_img_000113.jpg,valid/labels/apis_mellifera_img_000113.txt,valid,apis-mellifera-linnaeus.yolov8.zip,train,Apis mellifera,img_000113,Dataset/Apis mellifera Linnaeus/img_000113.jpg,honey bee,Hymenoptera,Apidae,mellifera,two_pairs,membranous,chewing,filiform,,generalist,elongated,narrow_waist,,Angel,,
apis_mellifera_img_000115,valid/images/apis_mellifera_img_000115.jpg,valid/labels/apis_mellifera_img_000115.txt,valid,apis-mellifera-linnaeus.yolov8.zip,train,Apis mellifera,img_000115,Dataset/Apis mellifera Linnaeus/img_000115.jpg,honey bee,Hymenoptera,Apidae,mellifera,two_pairs,membranous,chewing,filiform,,generalist,elongated,narrow_waist,,Angel,,
apis_mellifera_img_000160,valid/images/apis_mellifera_img_000160.jpg,valid/labels/apis_mellifera_img_000160.txt,valid,apis-mellifera-linnaeus.yolov8.zip,valid,Apis mellifera,img_000160,Dataset/Apis mellifera Linnaeus/img_000160.jpg,honey bee,Hymenoptera,Apidae,mellifera,two_pairs,membranous,chewing,filiform,,generalist,elongated,narrow_waist,,Angel,,
apis_mellifera_img_000129,test/images/apis_mellifera_img_000129.jpg,test/labels/apis_mellifera_img_000129.txt,test,apis-mellifera-linnaeus.yolov8.zip,train,Apis mellifera,img_000129,Dataset/Apis mellifera Linnaeus/img_000129.jpg,honey bee,Hymenoptera,Apidae,mellifera,two_pairs,membranous,chewing,filiform,,generalist,elongated,narrow_waist,,Angel,,
apis_mellifera_img_000163,test/images/apis_mellifera_img_000163.jpg,test/labels/apis_mellifera_img_000163.txt,test,apis-mellifera-linnaeus.yolov8.zip,train,Apis mellifera,img_000163,Dataset/Apis mellifera Linnaeus/img_000163.jpg,honey bee,Hymenoptera,Apidae,mellifera,two_pairs,membranous,chewing,filiform,,generalist,elongated,narrow_waist,,Angel,,
apis_mellifera_img_000144,test/images/apis_mellifera_img_000144.jpg,test/labels/apis_mellifera_img_000144.txt,test,apis-mellifera-linnaeus.yolov8.zip,train,Apis mellifera,img_000144,Dataset/Apis mellifera Linnaeus/img_000144.jpg,honey bee,Hymenoptera,Apidae,mellifera,two_pairs,membranous,chewing,filiform,,generalist,elongated,narrow_waist,,Angel,,
apis_mellifera_img_000123,test/images/apis_mellifera_img_000123.jpg,test/labels/apis_mellifera_img_000123.txt,test,apis-mellifera-linnaeus.yolov8.zip,valid,Apis mellifera,img_000123,Dataset/Apis mellifera Linnaeus/img_000123.jpg,honey bee,Hymenoptera,Apidae,mellifera,two_pairs,membranous,chewing,filiform,,generalist,elongated,narrow_waist,,Angel,,
apis_mellifera_img_000128,test/images/apis_mellifera_img_000128.jpg,test/labels/apis_mellifera_img_000128.txt,test,apis-mellifera-linnaeus.yolov8.zip,valid,Apis mellifera,img_000128,Dataset/Apis mellifera Linnaeus/img_000128.jpg,honey bee,Hymenoptera,Apidae,mellifera,two_pairs,membranous,chewing,filiform,,generalist,elongated,narrow_waist,,Angel,,
apis_mellifera_img_000158,test/images/apis_mellifera_img_000158.jpg,test/labels/apis_mellifera_img_000158.txt,test,apis-mellifera-linnaeus.yolov8.zip,test,Apis mellifera,img_000158,Dataset/Apis mellifera Linnaeus/img_000158.jpg,honey bee,Hymenoptera,Apidae,mellifera,two_pairs,membranous,chewing,filiform,,generalist,elongated,narrow_waist,,Angel,,
coccinella_septempunctata_img_000048,train/images/coccinella_septempunctata_img_000048.jpg,train/labels/coccinella_septempunctata_img_000048.txt,train,Coccinella septempunctata Linnae Sin aumentacion.zip,valid,Coccinella septempunctata,img_000048,Dataset/Coccinella septempunctata Linnaeus/img_000048.jpg,sevenspotted lady beetle,Coleoptera,Coccinellidae,septempunctata,two_pairs,elytra,chewing,clavate,,generalist,rounded_domed,no_waist,high,Bruno,completo,
coccinella_septempunctata_img_000028,train/images/coccinella_septempunctata_img_000028.jpg,train/labels/coccinella_septempunctata_img_000028.txt,train,Coccinella septempunctata Linnae Sin aumentacion.zip,test,Coccinella septempunctata,img_000028,Dataset/Coccinella septempunctata Linnaeus/img_000028.jpg,sevenspotted lady beetle,Coleoptera,Coccinellidae,septempunctata,two_pairs,elytra,chewing,clavate,,generalist,rounded_domed,no_waist,high,Bruno,completo,
coccinella_septempunctata_img_000016,train/images/coccinella_septempunctata_img_000016.jpg,train/labels/coccinella_septempunctata_img_000016.txt,train,Coccinella septempunctata Linnae Sin aumentacion.zip,valid,Coccinella septempunctata,img_000016,Dataset/Coccinella septempunctata Linnaeus/img_000016.jpg,sevenspotted lady beetle,Coleoptera,Coccinellidae,septempunctata,two_pairs,elytra,chewing,clavate,,generalist,rounded_domed,no_waist,high,Bruno,completo,
coccinella_septempunctata_img_000026,train/images/coccinella_septempunctata_img_000026.jpg,train/labels/coccinella_septempunctata_img_000026.txt,train,Coccinella septempunctata Linnae Sin aumentacion.zip,train,Coccinella septempunctata,img_000026,Dataset/Coccinella septempunctata Linnaeus/img_000026.jpg,sevenspotted lady beetle,Coleoptera,Coccinellidae,septempunctata,two_pairs,elytra,chewing,clavate,,generalist,rounded_domed,no_waist,medium,Bruno,completo,
coccinella_septempunctata_img_000009,train/images/coccinella_septempunctata_img_000009.jpg,train/labels/coccinella_septempunctata_img_000009.txt,train,Coccinella septempunctata Linnae Sin aumentacion.zip,train,Coccinella septempunctata,img_000009,Dataset/Coccinella septempunctata Linnaeus/img_000009.jpg,sevenspotted lady beetle,Coleoptera,Coccinellidae,septempunctata,two_pairs,elytra,chewing,clavate,,generalist,rounded_domed,no_waist,low,Bruno,completo,
coccinella_septempunctata_img_000044,train/images/coccinella_septempunctata_img_000044.jpg,train/labels/coccinella_septempunctata_img_000044.txt,train,Coccinella septempunctata Linnae Sin aumentacion.zip,test,Coccinella septempunctata,img_000044,Dataset/Coccinella septempunctata Linnaeus/img_000044.jpg,sevenspotted lady beetle,Coleoptera,Coccinellidae,septempunctata,two_pairs,elytra,chewing,clavate,,generalist,rounded_domed,no_waist,high,Bruno,completo,
coccinella_septempunctata_img_000056,train/images/coccinella_septempunctata_img_000056.jpg,train/labels/coccinella_septempunctata_img_000056.txt,train,Coccinella septempunctata Linnae Sin aumentacion.zip,valid,Coccinella septempunctata,img_000056,Dataset/Coccinella septempunctata Linnaeus/img_000056.jpg,sevenspotted lady beetle,Coleoptera,Coccinellidae,septempunctata,two_pairs,elytra,chewing,clavate,,generalist,rounded_domed,no_waist,high,Bruno,completo,
coccinella_septempunctata_img_000014,train/images/coccinella_septempunctata_img_000014.jpg,train/labels/coccinella_septempunctata_img_000014.txt,train,Coccinella septempunctata Linnae Sin aumentacion.zip,train,Coccinella septempunctata,img_000014,Dataset/Coccinella septempunctata Linnaeus/img_000014.jpg,sevenspotted lady beetle,Coleoptera,Coccinellidae,septempunctata,two_pairs,elytra,chewing,clavate,,generalist,rounded_domed,no_waist,medium,Bruno,completo,
coccinella_septempunctata_img_000004,train/images/coccinella_septempunctata_img_000004.jpg,train/labels/coccinella_septempunctata_img_000004.txt,train,Coccinella septempunctata Linnae Sin aumentacion.zip,train,Coccinella septempunctata,img_000004,Dataset/Coccinella septempunctata Linnaeus/img_000004.jpg,sevenspotted lady beetle,Coleoptera,Coccinellidae,septempunctata,two_pairs,elytra,chewing,clavate,,generalist,rounded_domed,no_waist,medium,Bruno,completo,
coccinella_septempunctata_img_000045,train/images/coccinella_septempunctata_img_000045.jpg,train/labels/coccinella_septempunctata_img_000045.txt,train,Coccinella septempunctata Linnae Sin aumentacion.zip,train,Coccinella septempunctata,img_000045,Dataset/Coccinella septempunctata Linnaeus/img_000045.jpg,sevenspotted lady beetle,Coleoptera,Coccinellidae,septempunctata,two_pairs,elytra,chewing,clavate,,generalist,rounded_domed,no_waist,high,Bruno,completo,
coccinella_septempunctata_img_000041,train/images/coccinella_septempunctata_img_000041.jpg,train/labels/coccinella_septempunctata_img_000041.txt,train,Coccinella septempunctata Linnae Sin aumentacion.zip,test,Coccinella septempunctata,img_000041,Dataset/Coccinella septempunctata Linnaeus/img_000041.jpg,sevenspotted lady beetle,Coleoptera,Coccinellidae,septempunctata,two_pairs,elytra,chewing,clavate,,generalist,rounded_domed,no_waist,medium,Bruno,completo,
coccinella_septempunctata_img_000049,train/images/coccinella_septempunctata_img_000049.jpg,train/labels/coccinella_septempunctata_img_000049.txt,train,Coccinella septempunctata Linnae Sin aumentacion.zip,train,Coccinella septempunctata,img_000049,Dataset/Coccinella septempunctata Linnaeus/img_000049.jpg,sevenspotted lady beetle,Coleoptera,Coccinellidae,septempunctata,two_pairs,elytra,chewing,clavate,,generalist,rounded_domed,no_waist,high,Bruno,completo,
coccinella_septempunctata_img_000040,train/images/coccinella_septempunctata_img_000040.jpg,train/labels/coccinella_septempunctata_img_000040.txt,train,Coccinella septempunctata Linnae Sin aumentacion.zip,train,Coccinella septempunctata,img_000040,Dataset/Coccinella septempunctata Linnaeus/img_000040.jpg,sevenspotted lady beetle,Coleoptera,Coccinellidae,septempunctata,two_pairs,elytra,chewing,clavate,,generalist,rounded_domed,no_waist,high,Bruno,completo,
coccinella_septempunctata_img_000024,train/images/coccinella_septempunctata_img_000024.jpg,train/labels/coccinella_septempunctata_img_000024.txt,train,Coccinella septempunctata Linnae Sin aumentacion.zip,train,Coccinella septempunctata,img_000024,Dataset/Coccinella septempunctata Linnaeus/img_000024.jpg,sevenspotted lady beetle,Coleoptera,Coccinellidae,septempunctata,two_pairs,elytra,chewing,clavate,,generalist,rounded_domed,no_waist,high,Bruno,completo,
coccinella_septempunctata_img_000013,train/images/coccinella_septempunctata_img_000013.jpg,train/labels/coccinella_septempunctata_img_000013.txt,train,Coccinella septempunctata Linnae Sin aumentacion.zip,train,Coccinella septempunctata,img_000013,Dataset/Coccinella septempunctata Linnaeus/img_000013.jpg,sevenspotted lady beetle,Coleoptera,Coccinellidae,septempunctata,two_pairs,elytra,chewing,clavate,,generalist,rounded_domed,no_waist,high,Bruno,completo,
coccinella_septempunctata_img_000053,train/images/coccinella_septempunctata_img_000053.jpg,train/labels/coccinella_septempunctata_img_000053.txt,train,Coccinella septempunctata Linnae Sin aumentacion.zip,valid,Coccinella septempunctata,img_000053,Dataset/Coccinella septempunctata Linnaeus/img_000053.jpg,sevenspotted lady beetle,Coleoptera,Coccinellidae,septempunctata,two_pairs,elytra,chewing,clavate,,generalist,rounded_domed,no_waist,medium,Bruno,completo,
coccinella_septempunctata_img_000002,train/images/coccinella_septempunctata_img_000002.jpg,train/labels/coccinella_septempunctata_img_000002.txt,train,Coccinella septempunctata Linnae Sin aumentacion.zip,train,Coccinella septempunctata,img_000002,Dataset/Coccinella septempunctata Linnaeus/img_000002.jpg,sevenspotted lady beetle,Coleoptera,Coccinellidae,septempunctata,two_pairs,elytra,chewing,clavate,,generalist,rounded_domed,no_waist,high,Bruno,completo,
coccinella_septempunctata_img_000059,train/images/coccinella_septempunctata_img_000059.jpg,train/labels/coccinella_septempunctata_img_000059.txt,train,Coccinella septempunctata Linnae Sin aumentacion.zip,train,Coccinella septempunctata,img_000059,Dataset/Coccinella septempunctata Linnaeus/img_000059.jpg,sevenspotted lady beetle,Coleoptera,Coccinellidae,septempunctata,two_pairs,elytra,chewing,clavate,,generalist,rounded_domed,no_waist,medium,Bruno,completo,
coccinella_septempunctata_img_000047,train/images/coccinella_septempunctata_img_000047.jpg,train/labels/coccinella_septempunctata_img_000047.txt,train,Coccinella septempunctata Linnae Sin aumentacion.zip,valid,Coccinella septempunctata,img_000047,Dataset/Coccinella septempunctata Linnaeus/img_000047.jpg,sevenspotted lady beetle,Coleoptera,Coccinellidae,septempunctata,two_pairs,elytra,chewing,clavate,,generalist,rounded_domed,no_waist,high,Bruno,completo,
coccinella_septempunctata_img_000035,train/images/coccinella_septempunctata_img_000035.jpg,train/labels/coccinella_septempunctata_img_000035.txt,train,Coccinella septempunctata Linnae Sin aumentacion.zip,valid,Coccinella septempunctata,img_000035,Dataset/Coccinella septempunctata Linnaeus/img_000035.jpg,sevenspotted lady beetle,Coleoptera,Coccinellidae,septempunctata,two_pairs,elytra,chewing,clavate,,generalist,rounded_domed,no_waist,low,Bruno,completo,
coccinella_septempunctata_img_000036,train/images/coccinella_septempunctata_img_000036.jpg,train/labels/coccinella_septempunctata_img_000036.txt,train,Coccinella septempunctata Linnae Sin aumentacion.zip,train,Coccinella septempunctata,img_000036,Dataset/Coccinella septempunctata Linnaeus/img_000036.jpg,sevenspotted lady beetle,Coleoptera,Coccinellidae,septempunctata,two_pairs,elytra,chewing,clavate,,generalist,rounded_domed,no_waist,high,Bruno,completo,
coccinella_septempunctata_img_000031,train/images/coccinella_septempunctata_img_000031.jpg,train/labels/coccinella_septempunctata_img_000031.txt,train,Coccinella septempunctata Linnae Sin aumentacion.zip,train,Coccinella septempunctata,img_000031,Dataset/Coccinella septempunctata Linnaeus/img_000031.jpg,sevenspotted lady beetle,Coleoptera,Coccinellidae,septempunctata,two_pairs,elytra,chewing,clavate,,generalist,rounded_domed,no_waist,medium,Bruno,completo,
coccinella_septempunctata_img_000015,train/images/coccinella_septempunctata_img_000015.jpg,train/labels/coccinella_septempunctata_img_000015.txt,train,Coccinella septempunctata Linnae Sin aumentacion.zip,train,Coccinella septempunctata,img_000015,Dataset/Coccinella septempunctata Linnaeus/img_000015.jpg,sevenspotted lady beetle,Coleoptera,Coccinellidae,septempunctata,two_pairs,elytra,chewing,clavate,,generalist,rounded_domed,no_waist,high,Bruno,completo,
coccinella_septempunctata_img_000005,train/images/coccinella_septempunctata_img_000005.jpg,train/labels/coccinella_septempunctata_img_000005.txt,train,Coccinella septempunctata Linnae Sin aumentacion.zip,train,Coccinella septempunctata,img_000005,Dataset/Coccinella septempunctata Linnaeus/img_000005.jpg,sevenspotted lady beetle,Coleoptera,Coccinellidae,septempunctata,two_pairs,elytra,chewing,clavate,,generalist,rounded_domed,no_waist,high,Bruno,completo,
coccinella_septempunctata_img_000027,train/images/coccinella_septempunctata_img_000027.jpg,train/labels/coccinella_septempunctata_img_000027.txt,train,Coccinella septempunctata Linnae Sin aumentacion.zip,train,Coccinella septempunctata,img_000027,Dataset/Coccinella septempunctata Linnaeus/img_000027.jpg,sevenspotted lady beetle,Coleoptera,Coccinellidae,septempunctata,two_pairs,elytra,chewing,clavate,,generalist,rounded_domed,no_waist,medium,Bruno,completo,
coccinella_septempunctata_img_000017,train/images/coccinella_septempunctata_img_000017.jpg,train/labels/coccinella_septempunctata_img_000017.txt,train,Coccinella septempunctata Linnae Sin aumentacion.zip,train,Coccinella septempunctata,img_000017,Dataset/Coccinella septempunctata Linnaeus/img_000017.jpg,sevenspotted lady beetle,Coleoptera,Coccinellidae,septempunctata,two_pairs,elytra,chewing,clavate,,generalist,rounded_domed,no_waist,high,Bruno,completo,
coccinella_septempunctata_img_000030,train/images/coccinella_septempunctata_img_000030.jpg,train/labels/coccinella_septempunctata_img_000030.txt,train,Coccinella septempunctata Linnae Sin aumentacion.zip,train,Coccinella septempunctata,img_000030,Dataset/Coccinella septempunctata Linnaeus/img_000030.jpg,sevenspotted lady beetle,Coleoptera,Coccinellidae,septempunctata,two_pairs,elytra,chewing,clavate,,generalist,rounded_domed,no_waist,high,Bruno,completo,
coccinella_septempunctata_img_000025,train/images/coccinella_septempunctata_img_000025.jpg,train/labels/coccinella_septempunctata_img_000025.txt,train,Coccinella septempunctata Linnae Sin aumentacion.zip,valid,Coccinella septempunctata,img_000025,Dataset/Coccinella septempunctata Linnaeus/img_000025.jpg,sevenspotted lady beetle,Coleoptera,Coccinellidae,septempunctata,two_pairs,elytra,chewing,clavate,,generalist,rounded_domed,no_waist,high,Bruno,completo,
coccinella_septempunctata_img_000052,train/images/coccinella_septempunctata_img_000052.jpg,train/labels/coccinella_septempunctata_img_000052.txt,train,Coccinella septempunctata Linnae Sin aumentacion.zip,train,Coccinella septempunctata,img_000052,Dataset/Coccinella septempunctata Linnaeus/img_000052.jpg,sevenspotted lady beetle,Coleoptera,Coccinellidae,septempunctata,two_pairs,elytra,chewing,clavate,,generalist,rounded_domed,no_waist,medium,Bruno,completo,
coccinella_septempunctata_img_000029,train/images/coccinella_septempunctata_img_000029.jpg,train/labels/coccinella_septempunctata_img_000029.txt,train,Coccinella septempunctata Linnae Sin aumentacion.zip,train,Coccinella septempunctata,img_000029,Dataset/Coccinella septempunctata Linnaeus/img_000029.jpg,sevenspotted lady beetle,Coleoptera,Coccinellidae,septempunctata,two_pairs,elytra,chewing,clavate,,generalist,rounded_domed,no_waist,high,Bruno,completo,
coccinella_septempunctata_img_000007,train/images/coccinella_septempunctata_img_000007.jpg,train/labels/coccinella_septempunctata_img_000007.txt,train,Coccinella septempunctata Linnae Sin aumentacion.zip,train,Coccinella septempunctata,img_000007,Dataset/Coccinella septempunctata Linnaeus/img_000007.jpg,sevenspotted lady beetle,Coleoptera,Coccinellidae,septempunctata,two_pairs,elytra,chewing,clavate,,generalist,rounded_domed,no_waist,high,Bruno,completo,
coccinella_septempunctata_img_000010,train/images/coccinella_septempunctata_img_000010.jpg,train/labels/coccinella_septempunctata_img_000010.txt,train,Coccinella septempunctata Linnae Sin aumentacion.zip,train,Coccinella septempunctata,img_000010,Dataset/Coccinella septempunctata Linnaeus/img_000010.jpg,sevenspotted lady beetle,Coleoptera,Coccinellidae,septempunctata,two_pairs,elytra,chewing,clavate,,generalist,rounded_domed,no_waist,high,Bruno,completo,
coccinella_septempunctata_img_000006,train/images/coccinella_septempunctata_img_000006.jpg,train/labels/coccinella_septempunctata_img_000006.txt,train,Coccinella septempunctata Linnae Sin aumentacion.zip,train,Coccinella septempunctata,img_000006,Dataset/Coccinella septempunctata Linnaeus/img_000006.jpg,sevenspotted lady beetle,Coleoptera,Coccinellidae,septempunctata,two_pairs,elytra,chewing,clavate,,generalist,rounded_domed,no_waist,high,Bruno,completo,
coccinella_septempunctata_img_000008,train/images/coccinella_septempunctata_img_000008.jpg,train/labels/coccinella_septempunctata_img_000008.txt,train,Coccinella septempunctata Linnae Sin aumentacion.zip,train,Coccinella septempunctata,img_000008,Dataset/Coccinella septempunctata Linnaeus/img_000008.jpg,sevenspotted lady beetle,Coleoptera,Coccinellidae,septempunctata,two_pairs,elytra,chewing,clavate,,generalist,rounded_domed,no_waist,high,Bruno,completo,
coccinella_septempunctata_img_000050,train/images/coccinella_septempunctata_img_000050.jpg,train/labels/coccinella_septempunctata_img_000050.txt,train,Coccinella septempunctata Linnae Sin aumentacion.zip,train,Coccinella septempunctata,img_000050,Dataset/Coccinella septempunctata Linnaeus/img_000050.jpg,sevenspotted lady beetle,Coleoptera,Coccinellidae,septempunctata,two_pairs,elytra,chewing,clavate,,generalist,rounded_domed,no_waist,high,Bruno,completo,
coccinella_septempunctata_img_000051,train/images/coccinella_septempunctata_img_000051.jpg,train/labels/coccinella_septempunctata_img_000051.txt,train,Coccinella septempunctata Linnae Sin aumentacion.zip,train,Coccinella septempunctata,img_000051,Dataset/Coccinella septempunctata Linnaeus/img_000051.jpg,sevenspotted lady beetle,Coleoptera,Coccinellidae,septempunctata,two_pairs,elytra,chewing,clavate,,generalist,rounded_domed,no_waist,high,Bruno,completo,
coccinella_septempunctata_img_000058,train/images/coccinella_septempunctata_img_000058.jpg,train/labels/coccinella_septempunctata_img_000058.txt,train,Coccinella septempunctata Linnae Sin aumentacion.zip,valid,Coccinella septempunctata,img_000058,Dataset/Coccinella septempunctata Linnaeus/img_000058.jpg,sevenspotted lady beetle,Coleoptera,Coccinellidae,septempunctata,two_pairs,elytra,chewing,clavate,,generalist,rounded_domed,no_waist,high,Bruno,completo,
coccinella_septempunctata_img_000019,valid/images/coccinella_septempunctata_img_000019.jpg,valid/labels/coccinella_septempunctata_img_000019.txt,valid,Coccinella septempunctata Linnae Sin aumentacion.zip,train,Coccinella septempunctata,img_000019,Dataset/Coccinella septempunctata Linnaeus/img_000019.jpg,sevenspotted lady beetle,Coleoptera,Coccinellidae,septempunctata,two_pairs,elytra,chewing,clavate,,generalist,rounded_domed,no_waist,high,Bruno,completo,
coccinella_septempunctata_img_000034,valid/images/coccinella_septempunctata_img_000034.jpg,valid/labels/coccinella_septempunctata_img_000034.txt,valid,Coccinella septempunctata Linnae Sin aumentacion.zip,train,Coccinella septempunctata,img_000034,Dataset/Coccinella septempunctata Linnaeus/img_000034.jpg,sevenspotted lady beetle,Coleoptera,Coccinellidae,septempunctata,two_pairs,elytra,chewing,clavate,,generalist,rounded_domed,no_waist,high,Bruno,completo,
coccinella_septempunctata_img_000055,valid/images/coccinella_septempunctata_img_000055.jpg,valid/labels/coccinella_septempunctata_img_000055.txt,valid,Coccinella septempunctata Linnae Sin aumentacion.zip,test,Coccinella septempunctata,img_000055,Dataset/Coccinella septempunctata Linnaeus/img_000055.jpg,sevenspotted lady beetle,Coleoptera,Coccinellidae,septempunctata,two_pairs,elytra,chewing,clavate,,generalist,rounded_domed,no_waist,low,Bruno,completo,
coccinella_septempunctata_img_000043,valid/images/coccinella_septempunctata_img_000043.jpg,valid/labels/coccinella_septempunctata_img_000043.txt,valid,Coccinella septempunctata Linnae Sin aumentacion.zip,valid,Coccinella septempunctata,img_000043,Dataset/Coccinella septempunctata Linnaeus/img_000043.jpg,sevenspotted lady beetle,Coleoptera,Coccinellidae,septempunctata,two_pairs,elytra,chewing,clavate,,generalist,rounded_domed,no_waist,high,Bruno,completo,
coccinella_septempunctata_img_000042,valid/images/coccinella_septempunctata_img_000042.jpg,valid/labels/coccinella_septempunctata_img_000042.txt,valid,Coccinella septempunctata Linnae Sin aumentacion.zip,train,Coccinella septempunctata,img_000042,Dataset/Coccinella septempunctata Linnaeus/img_000042.jpg,sevenspotted lady beetle,Coleoptera,Coccinellidae,septempunctata,two_pairs,elytra,chewing,clavate,,generalist,rounded_domed,no_waist,high,Bruno,completo,
coccinella_septempunctata_img_000003,valid/images/coccinella_septempunctata_img_000003.jpg,valid/labels/coccinella_septempunctata_img_000003.txt,valid,Coccinella septempunctata Linnae Sin aumentacion.zip,valid,Coccinella septempunctata,img_000003,Dataset/Coccinella septempunctata Linnaeus/img_000003.jpg,sevenspotted lady beetle,Coleoptera,Coccinellidae,septempunctata,two_pairs,elytra,chewing,clavate,,generalist,rounded_domed,no_waist,medium,Bruno,completo,
coccinella_septempunctata_img_000022,valid/images/coccinella_septempunctata_img_000022.jpg,valid/labels/coccinella_septempunctata_img_000022.txt,valid,Coccinella septempunctata Linnae Sin aumentacion.zip,test,Coccinella septempunctata,img_000022,Dataset/Coccinella septempunctata Linnaeus/img_000022.jpg,sevenspotted lady beetle,Coleoptera,Coccinellidae,septempunctata,two_pairs,elytra,chewing,clavate,,generalist,rounded_domed,no_waist,high,Bruno,completo,
coccinella_septempunctata_img_000054,valid/images/coccinella_septempunctata_img_000054.jpg,valid/labels/coccinella_septempunctata_img_000054.txt,valid,Coccinella septempunctata Linnae Sin aumentacion.zip,train,Coccinella septempunctata,img_000054,Dataset/Coccinella septempunctata Linnaeus/img_000054.jpg,sevenspotted lady beetle,Coleoptera,Coccinellidae,septempunctata,two_pairs,elytra,chewing,clavate,,generalist,rounded_domed,no_waist,high,Bruno,completo,
coccinella_septempunctata_img_000057,valid/images/coccinella_septempunctata_img_000057.jpg,valid/labels/coccinella_septempunctata_img_000057.txt,valid,Coccinella septempunctata Linnae Sin aumentacion.zip,train,Coccinella septempunctata,img_000057,Dataset/Coccinella septempunctata Linnaeus/img_000057.jpg,sevenspotted lady beetle,Coleoptera,Coccinellidae,septempunctata,two_pairs,elytra,chewing,clavate,,generalist,rounded_domed,no_waist,high,Bruno,completo,
coccinella_septempunctata_img_000020,valid/images/coccinella_septempunctata_img_000020.jpg,valid/labels/coccinella_septempunctata_img_000020.txt,valid,Coccinella septempunctata Linnae Sin aumentacion.zip,train,Coccinella septempunctata,img_000020,Dataset/Coccinella septempunctata Linnaeus/img_000020.jpg,sevenspotted lady beetle,Coleoptera,Coccinellidae,septempunctata,two_pairs,elytra,chewing,clavate,,generalist,rounded_domed,no_waist,high,Bruno,completo,
coccinella_septempunctata_img_000011,valid/images/coccinella_septempunctata_img_000011.jpg,valid/labels/coccinella_septempunctata_img_000011.txt,valid,Coccinella septempunctata Linnae Sin aumentacion.zip,train,Coccinella septempunctata,img_000011,Dataset/Coccinella septempunctata Linnaeus/img_000011.jpg,sevenspotted lady beetle,Coleoptera,Coccinellidae,septempunctata,two_pairs,elytra,chewing,clavate,,generalist,rounded_domed,no_waist,high,Bruno,completo,
coccinella_septempunctata_img_000021,test/images/coccinella_septempunctata_img_000021.jpg,test/labels/coccinella_septempunctata_img_000021.txt,test,Coccinella septempunctata Linnae Sin aumentacion.zip,train,Coccinella septempunctata,img_000021,Dataset/Coccinella septempunctata Linnaeus/img_000021.jpg,sevenspotted lady beetle,Coleoptera,Coccinellidae,septempunctata,two_pairs,elytra,chewing,clavate,,generalist,rounded_domed,no_waist,high,Bruno,completo,
coccinella_septempunctata_img_000012,test/images/coccinella_septempunctata_img_000012.jpg,test/labels/coccinella_septempunctata_img_000012.txt,test,Coccinella septempunctata Linnae Sin aumentacion.zip,train,Coccinella septempunctata,img_000012,Dataset/Coccinella septempunctata Linnaeus/img_000012.jpg,sevenspotted lady beetle,Coleoptera,Coccinellidae,septempunctata,two_pairs,elytra,chewing,clavate,,generalist,rounded_domed,no_waist,high,Bruno,completo,
coccinella_septempunctata_img_000046,test/images/coccinella_septempunctata_img_000046.jpg,test/labels/coccinella_septempunctata_img_000046.txt,test,Coccinella septempunctata Linnae Sin aumentacion.zip,train,Coccinella septempunctata,img_000046,Dataset/Coccinella septempunctata Linnaeus/img_000046.jpg,sevenspotted lady beetle,Coleoptera,Coccinellidae,septempunctata,two_pairs,elytra,chewing,clavate,,generalist,rounded_domed,no_waist,high,Bruno,completo,
coccinella_septempunctata_img_000038,test/images/coccinella_septempunctata_img_000038.jpg,test/labels/coccinella_septempunctata_img_000038.txt,test,Coccinella septempunctata Linnae Sin aumentacion.zip,valid,Coccinella septempunctata,img_000038,Dataset/Coccinella septempunctata Linnaeus/img_000038.jpg,sevenspotted lady beetle,Coleoptera,Coccinellidae,septempunctata,two_pairs,elytra,chewing,clavate,,generalist,rounded_domed,no_waist,high,Bruno,completo,
coccinella_septempunctata_img_000039,test/images/coccinella_septempunctata_img_000039.jpg,test/labels/coccinella_septempunctata_img_000039.txt,test,Coccinella septempunctata Linnae Sin aumentacion.zip,train,Coccinella septempunctata,img_000039,Dataset/Coccinella septempunctata Linnaeus/img_000039.jpg,sevenspotted lady beetle,Coleoptera,Coccinellidae,septempunctata,two_pairs,elytra,chewing,clavate,,generalist,rounded_domed,no_waist,high,Bruno,hay varios en una sola imagen,
coccinella_septempunctata_img_000037_jpg,train/images/coccinella_septempunctata_img_000037_jpg.jpg,train/labels/coccinella_septempunctata_img_000037_jpg.txt,train,Coccinella septempunctata Linnae Sin aumentacion.zip,train,Coccinella septempunctata,img_000037_JPG,,,,,Coccinella septempunctata,,,,,,,,,,,,No se encontró match exacto en metadata original.
coccinella_septempunctata_img_000018_jpg,train/images/coccinella_septempunctata_img_000018_jpg.jpg,train/labels/coccinella_septempunctata_img_000018_jpg.txt,train,Coccinella septempunctata Linnae Sin aumentacion.zip,train,Coccinella septempunctata,img_000018_JPG,,,,,Coccinella septempunctata,,,,,,,,,,,,No se encontró match exacto en metadata original.
coccinella_septempunctata_img_000033_jpg,train/images/coccinella_septempunctata_img_000033_jpg.jpg,train/labels/coccinella_septempunctata_img_000033_jpg.txt,train,Coccinella septempunctata Linnae Sin aumentacion.zip,train,Coccinella septempunctata,img_000033_JPG,,,,,Coccinella septempunctata,,,,,,,,,,,,No se encontró match exacto en metadata original.
coccinella_septempunctata_img_000023_jpg,train/images/coccinella_septempunctata_img_000023_jpg.jpg,train/labels/coccinella_septempunctata_img_000023_jpg.txt,train,Coccinella septempunctata Linnae Sin aumentacion.zip,train,Coccinella septempunctata,img_000023_JPG,,,,,Coccinella septempunctata,,,,,,,,,,,,No se encontró match exacto en metadata original.
coccinella_septempunctata_img_000032_jpg,valid/images/coccinella_septempunctata_img_000032_jpg.jpg,valid/labels/coccinella_septempunctata_img_000032_jpg.txt,valid,Coccinella septempunctata Linnae Sin aumentacion.zip,valid,Coccinella septempunctata,img_000032_JPG,,,,,Coccinella septempunctata,,,,,,,,,,,,No se encontró match exacto en metadata original.
danaus_plexippus_img_000066,train/images/danaus_plexippus_img_000066.jpg,train/labels/danaus_plexippus_img_000066.txt,train,Danaus plexippus -Linnaeus sin aumentacion.zip,test,Danaus plexippus,img_000066,Dataset/Danaus plexippus (Linnaeus)/img_000066.jpg,monarch butterfly,Lepidoptera,Danaidae,plexippus,two_pairs,scaly,siphoning,clavate,,generalist,slender,no_waist,medium,Bruno,completo,
danaus_plexippus_img_000104,train/images/danaus_plexippus_img_000104.jpg,train/labels/danaus_plexippus_img_000104.txt,train,Danaus plexippus -Linnaeus sin aumentacion.zip,train,Danaus plexippus,img_000104,Dataset/Danaus plexippus (Linnaeus)/img_000104.jpg,monarch butterfly,Lepidoptera,Danaidae,plexippus,two_pairs,scaly,siphoning,clavate,,generalist,slender,no_waist,high,Bruno,completo,
danaus_plexippus_img_000103,train/images/danaus_plexippus_img_000103.jpg,train/labels/danaus_plexippus_img_000103.txt,train,Danaus plexippus -Linnaeus sin aumentacion.zip,train,Danaus plexippus,img_000103,Dataset/Danaus plexippus (Linnaeus)/img_000103.jpg,monarch butterfly,Lepidoptera,Danaidae,plexippus,two_pairs,scaly,siphoning,clavate,,generalist,slender,no_waist,high,Bruno,completo,
danaus_plexippus_img_000075,train/images/danaus_plexippus_img_000075.jpg,train/labels/danaus_plexippus_img_000075.txt,train,Danaus plexippus -Linnaeus sin aumentacion.zip,train,Danaus plexippus,img_000075,Dataset/Danaus plexippus (Linnaeus)/img_000075.jpg,monarch butterfly,Lepidoptera,Danaidae,plexippus,two_pairs,scaly,siphoning,clavate,,generalist,slender,no_waist,high,Bruno,completo,
danaus_plexippus_img_000089,train/images/danaus_plexippus_img_000089.jpg,train/labels/danaus_plexippus_img_000089.txt,train,Danaus plexippus -Linnaeus sin aumentacion.zip,train,Danaus plexippus,img_000089,Dataset/Danaus plexippus (Linnaeus)/img_000089.jpg,monarch butterfly,Lepidoptera,Danaidae,plexippus,two_pairs,scaly,siphoning,clavate,,generalist,slender,no_waist,high,Bruno,completo,
danaus_plexippus_img_000080,train/images/danaus_plexippus_img_000080.jpg,train/labels/danaus_plexippus_img_000080.txt,train,Danaus plexippus -Linnaeus sin aumentacion.zip,train,Danaus plexippus,img_000080,Dataset/Danaus plexippus (Linnaeus)/img_000080.jpg,monarch butterfly,Lepidoptera,Danaidae,plexippus,two_pairs,scaly,siphoning,clavate,,generalist,slender,no_waist,high,Bruno,completo,
danaus_plexippus_img_000105,train/images/danaus_plexippus_img_000105.jpg,train/labels/danaus_plexippus_img_000105.txt,train,Danaus plexippus -Linnaeus sin aumentacion.zip,valid,Danaus plexippus,img_000105,Dataset/Danaus plexippus (Linnaeus)/img_000105.jpg,monarch butterfly,Lepidoptera,Danaidae,plexippus,two_pairs,scaly,siphoning,clavate,,generalist,slender,no_waist,high,Bruno,completo,
danaus_plexippus_img_000072,train/images/danaus_plexippus_img_000072.jpg,train/labels/danaus_plexippus_img_000072.txt,train,Danaus plexippus -Linnaeus sin aumentacion.zip,test,Danaus plexippus,img_000072,Dataset/Danaus plexippus (Linnaeus)/img_000072.jpg,monarch butterfly,Lepidoptera,Danaidae,plexippus,two_pairs,scaly,siphoning,clavate,,generalist,slender,no_waist,high,Bruno,completo,
danaus_plexippus_img_000099,train/images/danaus_plexippus_img_000099.jpg,train/labels/danaus_plexippus_img_000099.txt,train,Danaus plexippus -Linnaeus sin aumentacion.zip,valid,Danaus plexippus,img_000099,Dataset/Danaus plexippus (Linnaeus)/img_000099.jpg,monarch butterfly,Lepidoptera,Danaidae,plexippus,two_pairs,scaly,siphoning,clavate,,generalist,slender,no_waist,medium,Bruno,completo,
danaus_plexippus_img_000078,train/images/danaus_plexippus_img_000078.jpg,train/labels/danaus_plexippus_img_000078.txt,train,Danaus plexippus -Linnaeus sin aumentacion.zip,train,Danaus plexippus,img_000078,Dataset/Danaus plexippus (Linnaeus)/img_000078.jpg,monarch butterfly,Lepidoptera,Danaidae,plexippus,two_pairs,scaly,siphoning,clavate,,generalist,slender,no_waist,high,Bruno,completo,
danaus_plexippus_img_000063,train/images/danaus_plexippus_img_000063.jpg,train/labels/danaus_plexippus_img_000063.txt,train,Danaus plexippus -Linnaeus sin aumentacion.zip,train,Danaus plexippus,img_000063,Dataset/Danaus plexippus (Linnaeus)/img_000063.jpg,monarch butterfly,Lepidoptera,Danaidae,plexippus,two_pairs,scaly,siphoning,clavate,,generalist,slender,no_waist,high,Bruno,completo,
danaus_plexippus_img_000069,train/images/danaus_plexippus_img_000069.jpg,train/labels/danaus_plexippus_img_000069.txt,train,Danaus plexippus -Linnaeus sin aumentacion.zip,train,Danaus plexippus,img_000069,Dataset/Danaus plexippus (Linnaeus)/img_000069.jpg,monarch butterfly,Lepidoptera,Danaidae,plexippus,two_pairs,scaly,siphoning,clavate,,generalist,slender,no_waist,high,Bruno,completo,
danaus_plexippus_img_000101,train/images/danaus_plexippus_img_000101.jpg,train/labels/danaus_plexippus_img_000101.txt,train,Danaus plexippus -Linnaeus sin aumentacion.zip,valid,Danaus plexippus,img_000101,Dataset/Danaus plexippus (Linnaeus)/img_000101.jpg,monarch butterfly,Lepidoptera,Danaidae,plexippus,two_pairs,scaly,siphoning,clavate,,generalist,slender,no_waist,high,Bruno,completo,
danaus_plexippus_img_000077,train/images/danaus_plexippus_img_000077.jpg,train/labels/danaus_plexippus_img_000077.txt,train,Danaus plexippus -Linnaeus sin aumentacion.zip,train,Danaus plexippus,img_000077,Dataset/Danaus plexippus (Linnaeus)/img_000077.jpg,monarch butterfly,Lepidoptera,Danaidae,plexippus,two_pairs,scaly,siphoning,clavate,,generalist,slender,no_waist,high,Bruno,completo,
danaus_plexippus_img_000096,train/images/danaus_plexippus_img_000096.jpg,train/labels/danaus_plexippus_img_000096.txt,train,Danaus plexippus -Linnaeus sin aumentacion.zip,train,Danaus plexippus,img_000096,Dataset/Danaus plexippus (Linnaeus)/img_000096.jpg,monarch butterfly,Lepidoptera,Danaidae,plexippus,two_pairs,scaly,siphoning,clavate,,generalist,slender,no_waist,high,Bruno,completo,
danaus_plexippus_img_000071,train/images/danaus_plexippus_img_000071.jpg,train/labels/danaus_plexippus_img_000071.txt,train,Danaus plexippus -Linnaeus sin aumentacion.zip,train,Danaus plexippus,img_000071,Dataset/Danaus plexippus (Linnaeus)/img_000071.jpg,monarch butterfly,Lepidoptera,Danaidae,plexippus,two_pairs,scaly,siphoning,clavate,,generalist,slender,no_waist,medium,Bruno,completo,
danaus_plexippus_img_000067,train/images/danaus_plexippus_img_000067.jpg,train/labels/danaus_plexippus_img_000067.txt,train,Danaus plexippus -Linnaeus sin aumentacion.zip,train,Danaus plexippus,img_000067,Dataset/Danaus plexippus (Linnaeus)/img_000067.jpg,monarch butterfly,Lepidoptera,Danaidae,plexippus,two_pairs,scaly,siphoning,clavate,,generalist,slender,no_waist,high,Bruno,completo,
danaus_plexippus_img_000088,train/images/danaus_plexippus_img_000088.jpg,train/labels/danaus_plexippus_img_000088.txt,train,Danaus plexippus -Linnaeus sin aumentacion.zip,train,Danaus plexippus,img_000088,Dataset/Danaus plexippus (Linnaeus)/img_000088.jpg,monarch butterfly,Lepidoptera,Danaidae,plexippus,two_pairs,scaly,siphoning,clavate,,generalist,slender,no_waist,high,Bruno,completo,
danaus_plexippus_img_000092,train/images/danaus_plexippus_img_000092.jpg,train/labels/danaus_plexippus_img_000092.txt,train,Danaus plexippus -Linnaeus sin aumentacion.zip,train,Danaus plexippus,img_000092,Dataset/Danaus plexippus (Linnaeus)/img_000092.jpg,monarch butterfly,Lepidoptera,Danaidae,plexippus,two_pairs,scaly,siphoning,clavate,,generalist,slender,no_waist,high,Bruno,completo,
danaus_plexippus_img_000082,train/images/danaus_plexippus_img_000082.jpg,train/labels/danaus_plexippus_img_000082.txt,train,Danaus plexippus -Linnaeus sin aumentacion.zip,valid,Danaus plexippus,img_000082,Dataset/Danaus plexippus (Linnaeus)/img_000082.jpg,monarch butterfly,Lepidoptera,Danaidae,plexippus,two_pairs,scaly,siphoning,clavate,,generalist,slender,no_waist,high,Bruno,completo,
danaus_plexippus_img_000065,train/images/danaus_plexippus_img_000065.jpg,train/labels/danaus_plexippus_img_000065.txt,train,Danaus plexippus -Linnaeus sin aumentacion.zip,train,Danaus plexippus,img_000065,Dataset/Danaus plexippus (Linnaeus)/img_000065.jpg,monarch butterfly,Lepidoptera,Danaidae,plexippus,two_pairs,scaly,siphoning,clavate,,generalist,slender,no_waist,medium,Bruno,completo,
danaus_plexippus_img_000081,train/images/danaus_plexippus_img_000081.jpg,train/labels/danaus_plexippus_img_000081.txt,train,Danaus plexippus -Linnaeus sin aumentacion.zip,train,Danaus plexippus,img_000081,Dataset/Danaus plexippus (Linnaeus)/img_000081.jpg,monarch butterfly,Lepidoptera,Danaidae,plexippus,two_pairs,scaly,siphoning,clavate,,generalist,slender,no_waist,high,Bruno,completo,
danaus_plexippus_img_000094,train/images/danaus_plexippus_img_000094.jpg,train/labels/danaus_plexippus_img_000094.txt,train,Danaus plexippus -Linnaeus sin aumentacion.zip,train,Danaus plexippus,img_000094,Dataset/Danaus plexippus (Linnaeus)/img_000094.jpg,monarch butterfly,Lepidoptera,Danaidae,plexippus,two_pairs,scaly,siphoning,clavate,,generalist,slender,no_waist,high,Bruno,completo,
danaus_plexippus_img_000068,train/images/danaus_plexippus_img_000068.jpg,train/labels/danaus_plexippus_img_000068.txt,train,Danaus plexippus -Linnaeus sin aumentacion.zip,valid,Danaus plexippus,img_000068,Dataset/Danaus plexippus (Linnaeus)/img_000068.jpg,monarch butterfly,Lepidoptera,Danaidae,plexippus,two_pairs,scaly,siphoning,clavate,,generalist,slender,no_waist,high,Bruno,completo,
danaus_plexippus_img_000091,train/images/danaus_plexippus_img_000091.jpg,train/labels/danaus_plexippus_img_000091.txt,train,Danaus plexippus -Linnaeus sin aumentacion.zip,valid,Danaus plexippus,img_000091,Dataset/Danaus plexippus (Linnaeus)/img_000091.jpg,monarch butterfly,Lepidoptera,Danaidae,plexippus,two_pairs,scaly,siphoning,clavate,,generalist,slender,no_waist,high,Bruno,esta saliendo de su criselida,
danaus_plexippus_img_000095,train/images/danaus_plexippus_img_000095.jpg,train/labels/danaus_plexippus_img_000095.txt,train,Danaus plexippus -Linnaeus sin aumentacion.zip,train,Danaus plexippus,img_000095,Dataset/Danaus plexippus (Linnaeus)/img_000095.jpg,monarch butterfly,Lepidoptera,Danaidae,plexippus,two_pairs,scaly,siphoning,clavate,,generalist,slender,no_waist,high,Bruno,completo,
danaus_plexippus_img_000062,train/images/danaus_plexippus_img_000062.jpg,train/labels/danaus_plexippus_img_000062.txt,train,Danaus plexippus -Linnaeus sin aumentacion.zip,train,Danaus plexippus,img_000062,Dataset/Danaus plexippus (Linnaeus)/img_000062.jpg,monarch butterfly,Lepidoptera,Danaidae,plexippus,two_pairs,scaly,siphoning,clavate,,generalist,slender,no_waist,high,Bruno,completo,
danaus_plexippus_img_000083,train/images/danaus_plexippus_img_000083.jpg,train/labels/danaus_plexippus_img_000083.txt,train,Danaus plexippus -Linnaeus sin aumentacion.zip,train,Danaus plexippus,img_000083,Dataset/Danaus plexippus (Linnaeus)/img_000083.jpg,monarch butterfly,Lepidoptera,Danaidae,plexippus,two_pairs,scaly,siphoning,clavate,,generalist,slender,no_waist,high,Bruno,completo,
danaus_plexippus_img_000098,train/images/danaus_plexippus_img_000098.jpg,train/labels/danaus_plexippus_img_000098.txt,train,Danaus plexippus -Linnaeus sin aumentacion.zip,train,Danaus plexippus,img_000098,Dataset/Danaus plexippus (Linnaeus)/img_000098.jpg,monarch butterfly,Lepidoptera,Danaidae,plexippus,two_pairs,scaly,siphoning,clavate,,generalist,slender,no_waist,medium,Bruno,completo,
danaus_plexippus_img_000086,train/images/danaus_plexippus_img_000086.jpg,train/labels/danaus_plexippus_img_000086.txt,train,Danaus plexippus -Linnaeus sin aumentacion.zip,test,Danaus plexippus,img_000086,Dataset/Danaus plexippus (Linnaeus)/img_000086.jpg,monarch butterfly,Lepidoptera,Danaidae,plexippus,two_pairs,scaly,siphoning,clavate,,generalist,slender,no_waist,high,Bruno,completo,
danaus_plexippus_img_000064,train/images/danaus_plexippus_img_000064.jpg,train/labels/danaus_plexippus_img_000064.txt,train,Danaus plexippus -Linnaeus sin aumentacion.zip,valid,Danaus plexippus,img_000064,Dataset/Danaus plexippus (Linnaeus)/img_000064.jpg,monarch butterfly,Lepidoptera,Danaidae,plexippus,two_pairs,scaly,siphoning,clavate,,generalist,slender,no_waist,high,Bruno,completo,
danaus_plexippus_img_000079,train/images/danaus_plexippus_img_000079.jpg,train/labels/danaus_plexippus_img_000079.txt,train,Danaus plexippus -Linnaeus sin aumentacion.zip,train,Danaus plexippus,img_000079,Dataset/Danaus plexippus (Linnaeus)/img_000079.jpg,monarch butterfly,Lepidoptera,Danaidae,plexippus,two_pairs,scaly,siphoning,clavate,,generalist,slender,no_waist,high,Bruno,completo,
danaus_plexippus_img_000097,train/images/danaus_plexippus_img_000097.jpg,train/labels/danaus_plexippus_img_000097.txt,train,Danaus plexippus -Linnaeus sin aumentacion.zip,test,Danaus plexippus,img_000097,Dataset/Danaus plexippus (Linnaeus)/img_000097.jpg,monarch butterfly,Lepidoptera,Danaidae,plexippus,two_pairs,scaly,siphoning,clavate,,generalist,slender,no_waist,high,Bruno,completo,
danaus_plexippus_img_000100,train/images/danaus_plexippus_img_000100.jpg,train/labels/danaus_plexippus_img_000100.txt,train,Danaus plexippus -Linnaeus sin aumentacion.zip,valid,Danaus plexippus,img_000100,Dataset/Danaus plexippus (Linnaeus)/img_000100.jpg,monarch butterfly,Lepidoptera,Danaidae,plexippus,two_pairs,scaly,siphoning,clavate,,generalist,slender,no_waist,high,Bruno,completo,
danaus_plexippus_img_000070,train/images/danaus_plexippus_img_000070.jpg,train/labels/danaus_plexippus_img_000070.txt,train,Danaus plexippus -Linnaeus sin aumentacion.zip,train,Danaus plexippus,img_000070,Dataset/Danaus plexippus (Linnaeus)/img_000070.jpg,monarch butterfly,Lepidoptera,Danaidae,plexippus,two_pairs,scaly,siphoning,clavate,,generalist,slender,no_waist,high,Bruno,hay varios en una sola imagen,
danaus_plexippus_img_000061,valid/images/danaus_plexippus_img_000061.jpg,valid/labels/danaus_plexippus_img_000061.txt,valid,Danaus plexippus -Linnaeus sin aumentacion.zip,train,Danaus plexippus,img_000061,Dataset/Danaus plexippus (Linnaeus)/img_000061.jpg,monarch butterfly,Lepidoptera,Danaidae,plexippus,two_pairs,scaly,siphoning,clavate,,generalist,slender,no_waist,high,Bruno,completo,
danaus_plexippus_img_000106,valid/images/danaus_plexippus_img_000106.jpg,valid/labels/danaus_plexippus_img_000106.txt,valid,Danaus plexippus -Linnaeus sin aumentacion.zip,train,Danaus plexippus,img_000106,Dataset/Danaus plexippus (Linnaeus)/img_000106.jpg,monarch butterfly,Lepidoptera,Danaidae,plexippus,two_pairs,scaly,siphoning,clavate,,generalist,slender,no_waist,high,Bruno,completo,
danaus_plexippus_img_000087,valid/images/danaus_plexippus_img_000087.jpg,valid/labels/danaus_plexippus_img_000087.txt,valid,Danaus plexippus -Linnaeus sin aumentacion.zip,train,Danaus plexippus,img_000087,Dataset/Danaus plexippus (Linnaeus)/img_000087.jpg,monarch butterfly,Lepidoptera,Danaidae,plexippus,two_pairs,scaly,siphoning,clavate,,generalist,slender,no_waist,high,Bruno,completo,
danaus_plexippus_img_000060,valid/images/danaus_plexippus_img_000060.jpg,valid/labels/danaus_plexippus_img_000060.txt,valid,Danaus plexippus -Linnaeus sin aumentacion.zip,train,Danaus plexippus,img_000060,Dataset/Danaus plexippus (Linnaeus)/img_000060.jpg,monarch butterfly,Lepidoptera,Danaidae,plexippus,two_pairs,scaly,siphoning,clavate,,generalist,slender,no_waist,high,Bruno,completo,
danaus_plexippus_img_000108,valid/images/danaus_plexippus_img_000108.jpg,valid/labels/danaus_plexippus_img_000108.txt,valid,Danaus plexippus -Linnaeus sin aumentacion.zip,train,Danaus plexippus,img_000108,Dataset/Danaus plexippus (Linnaeus)/img_000108.jpg,monarch butterfly,Lepidoptera,Danaidae,plexippus,two_pairs,scaly,siphoning,clavate,,generalist,slender,no_waist,high,Bruno,completo,
danaus_plexippus_img_000109,valid/images/danaus_plexippus_img_000109.jpg,valid/labels/danaus_plexippus_img_000109.txt,valid,Danaus plexippus -Linnaeus sin aumentacion.zip,train,Danaus plexippus,img_000109,Dataset/Danaus plexippus (Linnaeus)/img_000109.jpg,monarch butterfly,Lepidoptera,Danaidae,plexippus,two_pairs,scaly,siphoning,clavate,,generalist,slender,no_waist,high,Bruno,completo,
danaus_plexippus_img_000074,valid/images/danaus_plexippus_img_000074.jpg,valid/labels/danaus_plexippus_img_000074.txt,valid,Danaus plexippus -Linnaeus sin aumentacion.zip,train,Danaus plexippus,img_000074,Dataset/Danaus plexippus (Linnaeus)/img_000074.jpg,monarch butterfly,Lepidoptera,Danaidae,plexippus,two_pairs,scaly,siphoning,clavate,,generalist,slender,no_waist,high,Bruno,completo,
danaus_plexippus_img_000090,valid/images/danaus_plexippus_img_000090.jpg,valid/labels/danaus_plexippus_img_000090.txt,valid,Danaus plexippus -Linnaeus sin aumentacion.zip,train,Danaus plexippus,img_000090,Dataset/Danaus plexippus (Linnaeus)/img_000090.jpg,monarch butterfly,Lepidoptera,Danaidae,plexippus,two_pairs,scaly,siphoning,clavate,,generalist,slender,no_waist,high,Bruno,completo,
danaus_plexippus_img_000073,valid/images/danaus_plexippus_img_000073.jpg,valid/labels/danaus_plexippus_img_000073.txt,valid,Danaus plexippus -Linnaeus sin aumentacion.zip,train,Danaus plexippus,img_000073,Dataset/Danaus plexippus (Linnaeus)/img_000073.jpg,monarch butterfly,Lepidoptera,Danaidae,plexippus,two_pairs,scaly,siphoning,clavate,,generalist,slender,no_waist,high,Bruno,completo,
danaus_plexippus_img_000076,valid/images/danaus_plexippus_img_000076.jpg,valid/labels/danaus_plexippus_img_000076.txt,valid,Danaus plexippus -Linnaeus sin aumentacion.zip,train,Danaus plexippus,img_000076,Dataset/Danaus plexippus (Linnaeus)/img_000076.jpg,monarch butterfly,Lepidoptera,Danaidae,plexippus,two_pairs,scaly,siphoning,clavate,,generalist,slender,no_waist,high,Bruno,completo,
danaus_plexippus_img_000085,test/images/danaus_plexippus_img_000085.jpg,test/labels/danaus_plexippus_img_000085.txt,test,Danaus plexippus -Linnaeus sin aumentacion.zip,valid,Danaus plexippus,img_000085,Dataset/Danaus plexippus (Linnaeus)/img_000085.jpg,monarch butterfly,Lepidoptera,Danaidae,plexippus,two_pairs,scaly,siphoning,clavate,,generalist,slender,no_waist,high,Bruno,completo,
danaus_plexippus_img_000107,test/images/danaus_plexippus_img_000107.jpg,test/labels/danaus_plexippus_img_000107.txt,test,Danaus plexippus -Linnaeus sin aumentacion.zip,train,Danaus plexippus,img_000107,Dataset/Danaus plexippus (Linnaeus)/img_000107.jpg,monarch butterfly,Lepidoptera,Danaidae,plexippus,two_pairs,scaly,siphoning,clavate,,generalist,slender,no_waist,high,Bruno,completo,
danaus_plexippus_img_000102,test/images/danaus_plexippus_img_000102.jpg,test/labels/danaus_plexippus_img_000102.txt,test,Danaus plexippus -Linnaeus sin aumentacion.zip,test,Danaus plexippus,img_000102,Dataset/Danaus plexippus (Linnaeus)/img_000102.jpg,monarch butterfly,Lepidoptera,Danaidae,plexippus,two_pairs,scaly,siphoning,clavate,,generalist,slender,no_waist,high,Bruno,completo,
danaus_plexippus_img_000084,test/images/danaus_plexippus_img_000084.jpg,test/labels/danaus_plexippus_img_000084.txt,test,Danaus plexippus -Linnaeus sin aumentacion.zip,train,Danaus plexippus,img_000084,Dataset/Danaus plexippus (Linnaeus)/img_000084.jpg,monarch butterfly,Lepidoptera,Danaidae,plexippus,two_pairs,scaly,siphoning,clavate,,generalist,slender,no_waist,medium,Bruno,completo,
danaus_plexippus_img_000093,test/images/danaus_plexippus_img_000093.jpg,test/labels/danaus_plexippus_img_000093.txt,test,Danaus plexippus -Linnaeus sin aumentacion.zip,valid,Danaus plexippus,img_000093,Dataset/Danaus plexippus (Linnaeus)/img_000093.jpg,monarch butterfly,Lepidoptera,Danaidae,plexippus,two_pairs,scaly,siphoning,clavate,,generalist,slender,no_waist,high,Bruno,completo,
dissosteira_carolina_img_000250,train/images/dissosteira_carolina_img_000250.jpg,train/labels/dissosteira_carolina_img_000250.txt,train,dissosteira-carolina-linnaeus-.yolov8.zip,train,Dissosteira carolina,img_000250,Dataset/Dissosteira carolina (Linnaeus)/img_000250.jpg,Carolina grasshopper,Orthoptera,Acrididae,carolina,two_pairs,tegmina,chewing,filiform,,jumping,elongated,no_waist,,Angel,,
dissosteira_carolina_img_000245,train/images/dissosteira_carolina_img_000245.jpg,train/labels/dissosteira_carolina_img_000245.txt,train,dissosteira-carolina-linnaeus-.yolov8.zip,valid,Dissosteira carolina,img_000245,Dataset/Dissosteira carolina (Linnaeus)/img_000245.jpg,Carolina grasshopper,Orthoptera,Acrididae,carolina,two_pairs,tegmina,chewing,filiform,,jumping,elongated,no_waist,,Angel,,
dissosteira_carolina_img_000264,train/images/dissosteira_carolina_img_000264.jpg,train/labels/dissosteira_carolina_img_000264.txt,train,dissosteira-carolina-linnaeus-.yolov8.zip,train,Dissosteira carolina,img_000264,Dataset/Dissosteira carolina (Linnaeus)/img_000264.jpg,Carolina grasshopper,Orthoptera,Acrididae,carolina,two_pairs,tegmina,chewing,filiform,,jumping,elongated,no_waist,,Angel,,
dissosteira_carolina_img_000232,train/images/dissosteira_carolina_img_000232.jpg,train/labels/dissosteira_carolina_img_000232.txt,train,dissosteira-carolina-linnaeus-.yolov8.zip,train,Dissosteira carolina,img_000232,Dataset/Dissosteira carolina (Linnaeus)/img_000232.jpg,Carolina grasshopper,Orthoptera,Acrididae,carolina,two_pairs,tegmina,chewing,filiform,,jumping,elongated,no_waist,,Angel,,
dissosteira_carolina_img_000231,train/images/dissosteira_carolina_img_000231.jpg,train/labels/dissosteira_carolina_img_000231.txt,train,dissosteira-carolina-linnaeus-.yolov8.zip,train,Dissosteira carolina,img_000231,Dataset/Dissosteira carolina (Linnaeus)/img_000231.jpg,Carolina grasshopper,Orthoptera,Acrididae,carolina,two_pairs,tegmina,chewing,filiform,,jumping,elongated,no_waist,,Angel,,
dissosteira_carolina_img_000276,train/images/dissosteira_carolina_img_000276.jpg,train/labels/dissosteira_carolina_img_000276.txt,train,dissosteira-carolina-linnaeus-.yolov8.zip,train,Dissosteira carolina,img_000276,Dataset/Dissosteira carolina (Linnaeus)/img_000276.jpg,Carolina grasshopper,Orthoptera,Acrididae,carolina,two_pairs,tegmina,chewing,filiform,,jumping,elongated,no_waist,,Angel,,
dissosteira_carolina_img_000228,train/images/dissosteira_carolina_img_000228.jpg,train/labels/dissosteira_carolina_img_000228.txt,train,dissosteira-carolina-linnaeus-.yolov8.zip,train,Dissosteira carolina,img_000228,Dataset/Dissosteira carolina (Linnaeus)/img_000228.jpg,Carolina grasshopper,Orthoptera,Acrididae,carolina,two_pairs,tegmina,chewing,filiform,,jumping,elongated,no_waist,,Angel,,
dissosteira_carolina_img_000253,train/images/dissosteira_carolina_img_000253.jpg,train/labels/dissosteira_carolina_img_000253.txt,train,dissosteira-carolina-linnaeus-.yolov8.zip,valid,Dissosteira carolina,img_000253,Dataset/Dissosteira carolina (Linnaeus)/img_000253.jpg,Carolina grasshopper,Orthoptera,Acrididae,carolina,two_pairs,tegmina,chewing,filiform,,jumping,elongated,no_waist,,Angel,,
dissosteira_carolina_img_000237,train/images/dissosteira_carolina_img_000237.jpg,train/labels/dissosteira_carolina_img_000237.txt,train,dissosteira-carolina-linnaeus-.yolov8.zip,train,Dissosteira carolina,img_000237,Dataset/Dissosteira carolina (Linnaeus)/img_000237.jpg,Carolina grasshopper,Orthoptera,Acrididae,carolina,two_pairs,tegmina,chewing,filiform,,jumping,elongated,no_waist,,Angel,,
dissosteira_carolina_img_000227,train/images/dissosteira_carolina_img_000227.jpg,train/labels/dissosteira_carolina_img_000227.txt,train,dissosteira-carolina-linnaeus-.yolov8.zip,test,Dissosteira carolina,img_000227,Dataset/Dissosteira carolina (Linnaeus)/img_000227.jpg,Carolina grasshopper,Orthoptera,Acrididae,carolina,two_pairs,tegmina,chewing,filiform,,jumping,elongated,no_waist,,Angel,,
dissosteira_carolina_img_000234,train/images/dissosteira_carolina_img_000234.jpg,train/labels/dissosteira_carolina_img_000234.txt,train,dissosteira-carolina-linnaeus-.yolov8.zip,train,Dissosteira carolina,img_000234,Dataset/Dissosteira carolina (Linnaeus)/img_000234.jpg,Carolina grasshopper,Orthoptera,Acrididae,carolina,two_pairs,tegmina,chewing,filiform,,jumping,elongated,no_waist,,Angel,,
dissosteira_carolina_img_000248,train/images/dissosteira_carolina_img_000248.jpg,train/labels/dissosteira_carolina_img_000248.txt,train,dissosteira-carolina-linnaeus-.yolov8.zip,valid,Dissosteira carolina,img_000248,Dataset/Dissosteira carolina (Linnaeus)/img_000248.jpg,Carolina grasshopper,Orthoptera,Acrididae,carolina,two_pairs,tegmina,chewing,filiform,,jumping,elongated,no_waist,,Angel,,
dissosteira_carolina_img_000265,train/images/dissosteira_carolina_img_000265.jpg,train/labels/dissosteira_carolina_img_000265.txt,train,dissosteira-carolina-linnaeus-.yolov8.zip,train,Dissosteira carolina,img_000265,Dataset/Dissosteira carolina (Linnaeus)/img_000265.jpg,Carolina grasshopper,Orthoptera,Acrididae,carolina,two_pairs,tegmina,chewing,filiform,,jumping,elongated,no_waist,,Angel,,
dissosteira_carolina_img_000263,train/images/dissosteira_carolina_img_000263.jpg,train/labels/dissosteira_carolina_img_000263.txt,train,dissosteira-carolina-linnaeus-.yolov8.zip,train,Dissosteira carolina,img_000263,Dataset/Dissosteira carolina (Linnaeus)/img_000263.jpg,Carolina grasshopper,Orthoptera,Acrididae,carolina,two_pairs,tegmina,chewing,filiform,,jumping,elongated,no_waist,,Angel,,
dissosteira_carolina_img_000259,train/images/dissosteira_carolina_img_000259.jpg,train/labels/dissosteira_carolina_img_000259.txt,train,dissosteira-carolina-linnaeus-.yolov8.zip,train,Dissosteira carolina,img_000259,Dataset/Dissosteira carolina (Linnaeus)/img_000259.jpg,Carolina grasshopper,Orthoptera,Acrididae,carolina,two_pairs,tegmina,chewing,filiform,,jumping,elongated,no_waist,,Angel,,
dissosteira_carolina_img_000243,train/images/dissosteira_carolina_img_000243.jpg,train/labels/dissosteira_carolina_img_000243.txt,train,dissosteira-carolina-linnaeus-.yolov8.zip,train,Dissosteira carolina,img_000243,Dataset/Dissosteira carolina (Linnaeus)/img_000243.jpg,Carolina grasshopper,Orthoptera,Acrididae,carolina,two_pairs,tegmina,chewing,filiform,,jumping,elongated,no_waist,,Angel,,
dissosteira_carolina_img_000261,train/images/dissosteira_carolina_img_000261.jpg,train/labels/dissosteira_carolina_img_000261.txt,train,dissosteira-carolina-linnaeus-.yolov8.zip,train,Dissosteira carolina,img_000261,Dataset/Dissosteira carolina (Linnaeus)/img_000261.jpg,Carolina grasshopper,Orthoptera,Acrididae,carolina,two_pairs,tegmina,chewing,filiform,,jumping,elongated,no_waist,,Angel,,
dissosteira_carolina_img_000236,train/images/dissosteira_carolina_img_000236.jpg,train/labels/dissosteira_carolina_img_000236.txt,train,dissosteira-carolina-linnaeus-.yolov8.zip,train,Dissosteira carolina,img_000236,Dataset/Dissosteira carolina (Linnaeus)/img_000236.jpg,Carolina grasshopper,Orthoptera,Acrididae,carolina,two_pairs,tegmina,chewing,filiform,,jumping,elongated,no_waist,,Angel,,
dissosteira_carolina_img_000257,train/images/dissosteira_carolina_img_000257.jpg,train/labels/dissosteira_carolina_img_000257.txt,train,dissosteira-carolina-linnaeus-.yolov8.zip,train,Dissosteira carolina,img_000257,Dataset/Dissosteira carolina (Linnaeus)/img_000257.jpg,Carolina grasshopper,Orthoptera,Acrididae,carolina,two_pairs,tegmina,chewing,filiform,,jumping,elongated,no_waist,,Angel,,
dissosteira_carolina_img_000254,train/images/dissosteira_carolina_img_000254.jpg,train/labels/dissosteira_carolina_img_000254.txt,train,dissosteira-carolina-linnaeus-.yolov8.zip,train,Dissosteira carolina,img_000254,Dataset/Dissosteira carolina (Linnaeus)/img_000254.jpg,Carolina grasshopper,Orthoptera,Acrididae,carolina,two_pairs,tegmina,chewing,filiform,,jumping,elongated,no_waist,,Angel,,
dissosteira_carolina_img_000242,train/images/dissosteira_carolina_img_000242.jpg,train/labels/dissosteira_carolina_img_000242.txt,train,dissosteira-carolina-linnaeus-.yolov8.zip,valid,Dissosteira carolina,img_000242,Dataset/Dissosteira carolina (Linnaeus)/img_000242.jpg,Carolina grasshopper,Orthoptera,Acrididae,carolina,two_pairs,tegmina,chewing,filiform,,jumping,elongated,no_waist,,Angel,,
dissosteira_carolina_img_000229,train/images/dissosteira_carolina_img_000229.jpg,train/labels/dissosteira_carolina_img_000229.txt,train,dissosteira-carolina-linnaeus-.yolov8.zip,train,Dissosteira carolina,img_000229,Dataset/Dissosteira carolina (Linnaeus)/img_000229.jpg,Carolina grasshopper,Orthoptera,Acrididae,carolina,two_pairs,tegmina,chewing,filiform,,jumping,elongated,no_waist,,Angel,,
dissosteira_carolina_img_000274,train/images/dissosteira_carolina_img_000274.jpg,train/labels/dissosteira_carolina_img_000274.txt,train,dissosteira-carolina-linnaeus-.yolov8.zip,valid,Dissosteira carolina,img_000274,Dataset/Dissosteira carolina (Linnaeus)/img_000274.jpg,Carolina grasshopper,Orthoptera,Acrididae,carolina,two_pairs,tegmina,chewing,filiform,,jumping,elongated,no_waist,,Angel,,
dissosteira_carolina_img_000260,train/images/dissosteira_carolina_img_000260.jpg,train/labels/dissosteira_carolina_img_000260.txt,train,dissosteira-carolina-linnaeus-.yolov8.zip,train,Dissosteira carolina,img_000260,Dataset/Dissosteira carolina (Linnaeus)/img_000260.jpg,Carolina grasshopper,Orthoptera,Acrididae,carolina,two_pairs,tegmina,chewing,filiform,,jumping,elongated,no_waist,,Angel,,
dissosteira_carolina_img_000277,train/images/dissosteira_carolina_img_000277.jpg,train/labels/dissosteira_carolina_img_000277.txt,train,dissosteira-carolina-linnaeus-.yolov8.zip,test,Dissosteira carolina,img_000277,Dataset/Dissosteira carolina (Linnaeus)/img_000277.jpg,Carolina grasshopper,Orthoptera,Acrididae,carolina,two_pairs,tegmina,chewing,filiform,,jumping,elongated,no_waist,,Angel,,
dissosteira_carolina_img_000269,train/images/dissosteira_carolina_img_000269.jpg,train/labels/dissosteira_carolina_img_000269.txt,train,dissosteira-carolina-linnaeus-.yolov8.zip,train,Dissosteira carolina,img_000269,Dataset/Dissosteira carolina (Linnaeus)/img_000269.jpg,Carolina grasshopper,Orthoptera,Acrididae,carolina,two_pairs,tegmina,chewing,filiform,,jumping,elongated,no_waist,,Angel,,
dissosteira_carolina_img_000262,train/images/dissosteira_carolina_img_000262.jpg,train/labels/dissosteira_carolina_img_000262.txt,train,dissosteira-carolina-linnaeus-.yolov8.zip,train,Dissosteira carolina,img_000262,Dataset/Dissosteira carolina (Linnaeus)/img_000262.jpg,Carolina grasshopper,Orthoptera,Acrididae,carolina,two_pairs,tegmina,chewing,filiform,,jumping,elongated,no_waist,,Angel,,
dissosteira_carolina_img_000246,train/images/dissosteira_carolina_img_000246.jpg,train/labels/dissosteira_carolina_img_000246.txt,train,dissosteira-carolina-linnaeus-.yolov8.zip,train,Dissosteira carolina,img_000246,Dataset/Dissosteira carolina (Linnaeus)/img_000246.jpg,Carolina grasshopper,Orthoptera,Acrididae,carolina,two_pairs,tegmina,chewing,filiform,,jumping,elongated,no_waist,,Angel,,
dissosteira_carolina_img_000258,train/images/dissosteira_carolina_img_000258.jpg,train/labels/dissosteira_carolina_img_000258.txt,train,dissosteira-carolina-linnaeus-.yolov8.zip,train,Dissosteira carolina,img_000258,Dataset/Dissosteira carolina (Linnaeus)/img_000258.jpg,Carolina grasshopper,Orthoptera,Acrididae,carolina,two_pairs,tegmina,chewing,filiform,,jumping,elongated,no_waist,,Angel,,
dissosteira_carolina_img_000271,train/images/dissosteira_carolina_img_000271.jpg,train/labels/dissosteira_carolina_img_000271.txt,train,dissosteira-carolina-linnaeus-.yolov8.zip,train,Dissosteira carolina,img_000271,Dataset/Dissosteira carolina (Linnaeus)/img_000271.jpg,Carolina grasshopper,Orthoptera,Acrididae,carolina,two_pairs,tegmina,chewing,filiform,,jumping,elongated,no_waist,,Angel,,
dissosteira_carolina_img_000268,train/images/dissosteira_carolina_img_000268.jpg,train/labels/dissosteira_carolina_img_000268.txt,train,dissosteira-carolina-linnaeus-.yolov8.zip,train,Dissosteira carolina,img_000268,Dataset/Dissosteira carolina (Linnaeus)/img_000268.jpg,Carolina grasshopper,Orthoptera,Acrididae,carolina,two_pairs,tegmina,chewing,filiform,,jumping,elongated,no_waist,,Angel,,
dissosteira_carolina_img_000239,train/images/dissosteira_carolina_img_000239.jpg,train/labels/dissosteira_carolina_img_000239.txt,train,dissosteira-carolina-linnaeus-.yolov8.zip,train,Dissosteira carolina,img_000239,Dataset/Dissosteira carolina (Linnaeus)/img_000239.jpg,Carolina grasshopper,Orthoptera,Acrididae,carolina,two_pairs,tegmina,chewing,filiform,,jumping,elongated,no_waist,,Angel,,
dissosteira_carolina_img_000266,train/images/dissosteira_carolina_img_000266.jpg,train/labels/dissosteira_carolina_img_000266.txt,train,dissosteira-carolina-linnaeus-.yolov8.zip,train,Dissosteira carolina,img_000266,Dataset/Dissosteira carolina (Linnaeus)/img_000266.jpg,Carolina grasshopper,Orthoptera,Acrididae,carolina,two_pairs,tegmina,chewing,filiform,,jumping,elongated,no_waist,,Angel,,
dissosteira_carolina_img_000244,train/images/dissosteira_carolina_img_000244.jpg,train/labels/dissosteira_carolina_img_000244.txt,train,dissosteira-carolina-linnaeus-.yolov8.zip,train,Dissosteira carolina,img_000244,Dataset/Dissosteira carolina (Linnaeus)/img_000244.jpg,Carolina grasshopper,Orthoptera,Acrididae,carolina,two_pairs,tegmina,chewing,filiform,,jumping,elongated,no_waist,,Angel,,
dissosteira_carolina_img_000255,train/images/dissosteira_carolina_img_000255.jpg,train/labels/dissosteira_carolina_img_000255.txt,train,dissosteira-carolina-linnaeus-.yolov8.zip,test,Dissosteira carolina,img_000255,Dataset/Dissosteira carolina (Linnaeus)/img_000255.jpg,Carolina grasshopper,Orthoptera,Acrididae,carolina,two_pairs,tegmina,chewing,filiform,,jumping,elongated,no_waist,,Angel,,
dissosteira_carolina_img_000267,train/images/dissosteira_carolina_img_000267.jpg,train/labels/dissosteira_carolina_img_000267.txt,train,dissosteira-carolina-linnaeus-.yolov8.zip,train,Dissosteira carolina,img_000267,Dataset/Dissosteira carolina (Linnaeus)/img_000267.jpg,Carolina grasshopper,Orthoptera,Acrididae,carolina,two_pairs,tegmina,chewing,filiform,,jumping,elongated,no_waist,,Angel,,
dissosteira_carolina_img_000279,train/images/dissosteira_carolina_img_000279.jpg,train/labels/dissosteira_carolina_img_000279.txt,train,dissosteira-carolina-linnaeus-.yolov8.zip,train,Dissosteira carolina,img_000279,Dataset/Dissosteira carolina (Linnaeus)/img_000279.jpg,Carolina grasshopper,Orthoptera,Acrididae,carolina,two_pairs,tegmina,chewing,filiform,,jumping,elongated,no_waist,,Angel,,
dissosteira_carolina_img_000235,train/images/dissosteira_carolina_img_000235.jpg,train/labels/dissosteira_carolina_img_000235.txt,train,dissosteira-carolina-linnaeus-.yolov8.zip,test,Dissosteira carolina,img_000235,Dataset/Dissosteira carolina (Linnaeus)/img_000235.jpg,Carolina grasshopper,Orthoptera,Acrididae,carolina,two_pairs,tegmina,chewing,filiform,,jumping,elongated,no_waist,,Angel,,
dissosteira_carolina_img_000224,train/images/dissosteira_carolina_img_000224.jpg,train/labels/dissosteira_carolina_img_000224.txt,train,dissosteira-carolina-linnaeus-.yolov8.zip,train,Dissosteira carolina,img_000224,Dataset/Dissosteira carolina (Linnaeus)/img_000224.jpg,Carolina grasshopper,Orthoptera,Acrididae,carolina,two_pairs,tegmina,chewing,filiform,,jumping,elongated,no_waist,,Angel,,
dissosteira_carolina_img_000247,valid/images/dissosteira_carolina_img_000247.jpg,valid/labels/dissosteira_carolina_img_000247.txt,valid,dissosteira-carolina-linnaeus-.yolov8.zip,valid,Dissosteira carolina,img_000247,Dataset/Dissosteira carolina (Linnaeus)/img_000247.jpg,Carolina grasshopper,Orthoptera,Acrididae,carolina,two_pairs,tegmina,chewing,filiform,,jumping,elongated,no_waist,,Angel,,
dissosteira_carolina_img_000251,valid/images/dissosteira_carolina_img_000251.jpg,valid/labels/dissosteira_carolina_img_000251.txt,valid,dissosteira-carolina-linnaeus-.yolov8.zip,valid,Dissosteira carolina,img_000251,Dataset/Dissosteira carolina (Linnaeus)/img_000251.jpg,Carolina grasshopper,Orthoptera,Acrididae,carolina,two_pairs,tegmina,chewing,filiform,,jumping,elongated,no_waist,,Angel,,
dissosteira_carolina_img_000225,valid/images/dissosteira_carolina_img_000225.jpg,valid/labels/dissosteira_carolina_img_000225.txt,valid,dissosteira-carolina-linnaeus-.yolov8.zip,train,Dissosteira carolina,img_000225,Dataset/Dissosteira carolina (Linnaeus)/img_000225.jpg,Carolina grasshopper,Orthoptera,Acrididae,carolina,two_pairs,tegmina,chewing,filiform,,jumping,elongated,no_waist,,Angel,,
dissosteira_carolina_img_000233,valid/images/dissosteira_carolina_img_000233.jpg,valid/labels/dissosteira_carolina_img_000233.txt,valid,dissosteira-carolina-linnaeus-.yolov8.zip,valid,Dissosteira carolina,img_000233,Dataset/Dissosteira carolina (Linnaeus)/img_000233.jpg,Carolina grasshopper,Orthoptera,Acrididae,carolina,two_pairs,tegmina,chewing,filiform,,jumping,elongated,no_waist,,Angel,,
dissosteira_carolina_img_000238,valid/images/dissosteira_carolina_img_000238.jpg,valid/labels/dissosteira_carolina_img_000238.txt,valid,dissosteira-carolina-linnaeus-.yolov8.zip,test,Dissosteira carolina,img_000238,Dataset/Dissosteira carolina (Linnaeus)/img_000238.jpg,Carolina grasshopper,Orthoptera,Acrididae,carolina,two_pairs,tegmina,chewing,filiform,,jumping,elongated,no_waist,,Angel,,
dissosteira_carolina_img_000222,valid/images/dissosteira_carolina_img_000222.jpg,valid/labels/dissosteira_carolina_img_000222.txt,valid,dissosteira-carolina-linnaeus-.yolov8.zip,train,Dissosteira carolina,img_000222,Dataset/Dissosteira carolina (Linnaeus)/img_000222.jpg,Carolina grasshopper,Orthoptera,Acrididae,carolina,two_pairs,tegmina,chewing,filiform,,jumping,elongated,no_waist,,Angel,,
dissosteira_carolina_img_000272,valid/images/dissosteira_carolina_img_000272.jpg,valid/labels/dissosteira_carolina_img_000272.txt,valid,dissosteira-carolina-linnaeus-.yolov8.zip,valid,Dissosteira carolina,img_000272,Dataset/Dissosteira carolina (Linnaeus)/img_000272.jpg,Carolina grasshopper,Orthoptera,Acrididae,carolina,two_pairs,tegmina,chewing,filiform,,jumping,elongated,no_waist,,Angel,,
dissosteira_carolina_img_000275,valid/images/dissosteira_carolina_img_000275.jpg,valid/labels/dissosteira_carolina_img_000275.txt,valid,dissosteira-carolina-linnaeus-.yolov8.zip,valid,Dissosteira carolina,img_000275,Dataset/Dissosteira carolina (Linnaeus)/img_000275.jpg,Carolina grasshopper,Orthoptera,Acrididae,carolina,two_pairs,tegmina,chewing,filiform,,jumping,elongated,no_waist,,Angel,,
dissosteira_carolina_img_000252,valid/images/dissosteira_carolina_img_000252.jpg,valid/labels/dissosteira_carolina_img_000252.txt,valid,dissosteira-carolina-linnaeus-.yolov8.zip,test,Dissosteira carolina,img_000252,Dataset/Dissosteira carolina (Linnaeus)/img_000252.jpg,Carolina grasshopper,Orthoptera,Acrididae,carolina,two_pairs,tegmina,chewing,filiform,,jumping,elongated,no_waist,,Angel,,
dissosteira_carolina_img_000270,valid/images/dissosteira_carolina_img_000270.jpg,valid/labels/dissosteira_carolina_img_000270.txt,valid,dissosteira-carolina-linnaeus-.yolov8.zip,train,Dissosteira carolina,img_000270,Dataset/Dissosteira carolina (Linnaeus)/img_000270.jpg,Carolina grasshopper,Orthoptera,Acrididae,carolina,two_pairs,tegmina,chewing,filiform,,jumping,elongated,no_waist,,Angel,,
dissosteira_carolina_img_000273,valid/images/dissosteira_carolina_img_000273.jpg,valid/labels/dissosteira_carolina_img_000273.txt,valid,dissosteira-carolina-linnaeus-.yolov8.zip,train,Dissosteira carolina,img_000273,Dataset/Dissosteira carolina (Linnaeus)/img_000273.jpg,Carolina grasshopper,Orthoptera,Acrididae,carolina,two_pairs,tegmina,chewing,filiform,,jumping,elongated,no_waist,,Angel,,
dissosteira_carolina_img_000223,test/images/dissosteira_carolina_img_000223.jpg,test/labels/dissosteira_carolina_img_000223.txt,test,dissosteira-carolina-linnaeus-.yolov8.zip,train,Dissosteira carolina,img_000223,Dataset/Dissosteira carolina (Linnaeus)/img_000223.jpg,Carolina grasshopper,Orthoptera,Acrididae,carolina,two_pairs,tegmina,chewing,filiform,,jumping,elongated,no_waist,,Angel,,
dissosteira_carolina_img_000256,test/images/dissosteira_carolina_img_000256.jpg,test/labels/dissosteira_carolina_img_000256.txt,test,dissosteira-carolina-linnaeus-.yolov8.zip,train,Dissosteira carolina,img_000256,Dataset/Dissosteira carolina (Linnaeus)/img_000256.jpg,Carolina grasshopper,Orthoptera,Acrididae,carolina,two_pairs,tegmina,chewing,filiform,,jumping,elongated,no_waist,,Angel,,
dissosteira_carolina_img_000226,test/images/dissosteira_carolina_img_000226.jpg,test/labels/dissosteira_carolina_img_000226.txt,test,dissosteira-carolina-linnaeus-.yolov8.zip,train,Dissosteira carolina,img_000226,Dataset/Dissosteira carolina (Linnaeus)/img_000226.jpg,Carolina grasshopper,Orthoptera,Acrididae,carolina,two_pairs,tegmina,chewing,filiform,,jumping,elongated,no_waist,,Angel,,
dissosteira_carolina_img_000240,test/images/dissosteira_carolina_img_000240.jpg,test/labels/dissosteira_carolina_img_000240.txt,test,dissosteira-carolina-linnaeus-.yolov8.zip,train,Dissosteira carolina,img_000240,Dataset/Dissosteira carolina (Linnaeus)/img_000240.jpg,Carolina grasshopper,Orthoptera,Acrididae,carolina,two_pairs,tegmina,chewing,filiform,,jumping,elongated,no_waist,,Angel,,
dissosteira_carolina_img_000241,test/images/dissosteira_carolina_img_000241.jpg,test/labels/dissosteira_carolina_img_000241.txt,test,dissosteira-carolina-linnaeus-.yolov8.zip,train,Dissosteira carolina,img_000241,Dataset/Dissosteira carolina (Linnaeus)/img_000241.jpg,Carolina grasshopper,Orthoptera,Acrididae,carolina,two_pairs,tegmina,chewing,filiform,,jumping,elongated,no_waist,,Angel,,
dissosteira_carolina_img_000230,test/images/dissosteira_carolina_img_000230.jpg,test/labels/dissosteira_carolina_img_000230.txt,test,dissosteira-carolina-linnaeus-.yolov8.zip,train,Dissosteira carolina,img_000230,Dataset/Dissosteira carolina (Linnaeus)/img_000230.jpg,Carolina grasshopper,Orthoptera,Acrididae,carolina,two_pairs,tegmina,chewing,filiform,,jumping,elongated,no_waist,,Angel,,
dissosteira_carolina_img_000278_jpg,train/images/dissosteira_carolina_img_000278_jpg.jpg,train/labels/dissosteira_carolina_img_000278_jpg.txt,train,dissosteira-carolina-linnaeus-.yolov8.zip,valid,Dissosteira carolina,img_000278_JPG,,,,,Dissosteira carolina,,,,,,,,,,,,No se encontró match exacto en metadata original.
mantis_religiosa_img_000213,train/images/mantis_religiosa_img_000213.jpg,train/labels/mantis_religiosa_img_000213.txt,train,mantis-religiosa-linnaeus.yolov8.zip,train,Mantis religiosa,img_000213,Dataset/Mantis religiosa Linnaeus/img_000213.jpg,European mantid,Mantodea,Mantidae,religiosa,two_pairs,tegmina,chewing,filiform,,grasping,elongated,no_waist,,Angel,,
mantis_religiosa_img_000181,train/images/mantis_religiosa_img_000181.jpg,train/labels/mantis_religiosa_img_000181.txt,train,mantis-religiosa-linnaeus.yolov8.zip,valid,Mantis religiosa,img_000181,Dataset/Mantis religiosa Linnaeus/img_000181.jpg,European mantid,Mantodea,Mantidae,religiosa,two_pairs,tegmina,chewing,filiform,,grasping,elongated,no_waist,,Angel,,
mantis_religiosa_img_000169,train/images/mantis_religiosa_img_000169.jpg,train/labels/mantis_religiosa_img_000169.txt,train,mantis-religiosa-linnaeus.yolov8.zip,train,Mantis religiosa,img_000169,Dataset/Mantis religiosa Linnaeus/img_000169.jpg,European mantid,Mantodea,Mantidae,religiosa,two_pairs,tegmina,chewing,filiform,,grasping,elongated,no_waist,,Angel,,
mantis_religiosa_img_000220,train/images/mantis_religiosa_img_000220.jpg,train/labels/mantis_religiosa_img_000220.txt,train,mantis-religiosa-linnaeus.yolov8.zip,valid,Mantis religiosa,img_000220,Dataset/Mantis religiosa Linnaeus/img_000220.jpg,European mantid,Mantodea,Mantidae,religiosa,two_pairs,tegmina,chewing,filiform,,grasping,elongated,no_waist,,Angel,,
mantis_religiosa_img_000190,train/images/mantis_religiosa_img_000190.jpg,train/labels/mantis_religiosa_img_000190.txt,train,mantis-religiosa-linnaeus.yolov8.zip,train,Mantis religiosa,img_000190,Dataset/Mantis religiosa Linnaeus/img_000190.jpg,European mantid,Mantodea,Mantidae,religiosa,two_pairs,tegmina,chewing,filiform,,grasping,elongated,no_waist,,Angel,,
mantis_religiosa_img_000186,train/images/mantis_religiosa_img_000186.jpg,train/labels/mantis_religiosa_img_000186.txt,train,mantis-religiosa-linnaeus.yolov8.zip,train,Mantis religiosa,img_000186,Dataset/Mantis religiosa Linnaeus/img_000186.jpg,European mantid,Mantodea,Mantidae,religiosa,two_pairs,tegmina,chewing,filiform,,grasping,elongated,no_waist,,Angel,,
mantis_religiosa_img_000189,train/images/mantis_religiosa_img_000189.jpg,train/labels/mantis_religiosa_img_000189.txt,train,mantis-religiosa-linnaeus.yolov8.zip,train,Mantis religiosa,img_000189,Dataset/Mantis religiosa Linnaeus/img_000189.jpg,European mantid,Mantodea,Mantidae,religiosa,two_pairs,tegmina,chewing,filiform,,grasping,elongated,no_waist,,Angel,,
mantis_religiosa_img_000176,train/images/mantis_religiosa_img_000176.jpg,train/labels/mantis_religiosa_img_000176.txt,train,mantis-religiosa-linnaeus.yolov8.zip,train,Mantis religiosa,img_000176,Dataset/Mantis religiosa Linnaeus/img_000176.jpg,European mantid,Mantodea,Mantidae,religiosa,two_pairs,tegmina,chewing,filiform,,grasping,elongated,no_waist,,Angel,,
mantis_religiosa_img_000196,train/images/mantis_religiosa_img_000196.jpg,train/labels/mantis_religiosa_img_000196.txt,train,mantis-religiosa-linnaeus.yolov8.zip,train,Mantis religiosa,img_000196,Dataset/Mantis religiosa Linnaeus/img_000196.jpg,European mantid,Mantodea,Mantidae,religiosa,two_pairs,tegmina,chewing,filiform,,grasping,elongated,no_waist,,Angel,,
mantis_religiosa_img_000192,train/images/mantis_religiosa_img_000192.jpg,train/labels/mantis_religiosa_img_000192.txt,train,mantis-religiosa-linnaeus.yolov8.zip,train,Mantis religiosa,img_000192,Dataset/Mantis religiosa Linnaeus/img_000192.jpg,European mantid,Mantodea,Mantidae,religiosa,two_pairs,tegmina,chewing,filiform,,grasping,elongated,no_waist,,Angel,,
mantis_religiosa_img_000166,train/images/mantis_religiosa_img_000166.jpg,train/labels/mantis_religiosa_img_000166.txt,train,mantis-religiosa-linnaeus.yolov8.zip,valid,Mantis religiosa,img_000166,Dataset/Mantis religiosa Linnaeus/img_000166.jpg,European mantid,Mantodea,Mantidae,religiosa,two_pairs,tegmina,chewing,filiform,,grasping,elongated,no_waist,,Angel,,
mantis_religiosa_img_000193,train/images/mantis_religiosa_img_000193.jpg,train/labels/mantis_religiosa_img_000193.txt,train,mantis-religiosa-linnaeus.yolov8.zip,valid,Mantis religiosa,img_000193,Dataset/Mantis religiosa Linnaeus/img_000193.jpg,European mantid,Mantodea,Mantidae,religiosa,two_pairs,tegmina,chewing,filiform,,grasping,elongated,no_waist,,Angel,,
mantis_religiosa_img_000212,train/images/mantis_religiosa_img_000212.jpg,train/labels/mantis_religiosa_img_000212.txt,train,mantis-religiosa-linnaeus.yolov8.zip,train,Mantis religiosa,img_000212,Dataset/Mantis religiosa Linnaeus/img_000212.jpg,European mantid,Mantodea,Mantidae,religiosa,two_pairs,tegmina,chewing,filiform,,grasping,elongated,no_waist,,Angel,,
mantis_religiosa_img_000217,train/images/mantis_religiosa_img_000217.jpg,train/labels/mantis_religiosa_img_000217.txt,train,mantis-religiosa-linnaeus.yolov8.zip,valid,Mantis religiosa,img_000217,Dataset/Mantis religiosa Linnaeus/img_000217.jpg,European mantid,Mantodea,Mantidae,religiosa,two_pairs,tegmina,chewing,filiform,,grasping,elongated,no_waist,,Angel,,
mantis_religiosa_img_000191,train/images/mantis_religiosa_img_000191.jpg,train/labels/mantis_religiosa_img_000191.txt,train,mantis-religiosa-linnaeus.yolov8.zip,train,Mantis religiosa,img_000191,Dataset/Mantis religiosa Linnaeus/img_000191.jpg,European mantid,Mantodea,Mantidae,religiosa,two_pairs,tegmina,chewing,filiform,,grasping,elongated,no_waist,,Angel,,
mantis_religiosa_img_000168,train/images/mantis_religiosa_img_000168.jpg,train/labels/mantis_religiosa_img_000168.txt,train,mantis-religiosa-linnaeus.yolov8.zip,train,Mantis religiosa,img_000168,Dataset/Mantis religiosa Linnaeus/img_000168.jpg,European mantid,Mantodea,Mantidae,religiosa,two_pairs,tegmina,chewing,filiform,,grasping,elongated,no_waist,,Angel,,
mantis_religiosa_img_000188,train/images/mantis_religiosa_img_000188.jpg,train/labels/mantis_religiosa_img_000188.txt,train,mantis-religiosa-linnaeus.yolov8.zip,train,Mantis religiosa,img_000188,Dataset/Mantis religiosa Linnaeus/img_000188.jpg,European mantid,Mantodea,Mantidae,religiosa,two_pairs,tegmina,chewing,filiform,,grasping,elongated,no_waist,,Angel,,
mantis_religiosa_img_000195,train/images/mantis_religiosa_img_000195.jpg,train/labels/mantis_religiosa_img_000195.txt,train,mantis-religiosa-linnaeus.yolov8.zip,train,Mantis religiosa,img_000195,Dataset/Mantis religiosa Linnaeus/img_000195.jpg,European mantid,Mantodea,Mantidae,religiosa,two_pairs,tegmina,chewing,filiform,,grasping,elongated,no_waist,,Angel,,
mantis_religiosa_img_000171,train/images/mantis_religiosa_img_000171.jpg,train/labels/mantis_religiosa_img_000171.txt,train,mantis-religiosa-linnaeus.yolov8.zip,valid,Mantis religiosa,img_000171,Dataset/Mantis religiosa Linnaeus/img_000171.jpg,European mantid,Mantodea,Mantidae,religiosa,two_pairs,tegmina,chewing,filiform,,grasping,elongated,no_waist,,Angel,,
mantis_religiosa_img_000194,train/images/mantis_religiosa_img_000194.jpg,train/labels/mantis_religiosa_img_000194.txt,train,mantis-religiosa-linnaeus.yolov8.zip,valid,Mantis religiosa,img_000194,Dataset/Mantis religiosa Linnaeus/img_000194.jpg,European mantid,Mantodea,Mantidae,religiosa,two_pairs,tegmina,chewing,filiform,,grasping,elongated,no_waist,,Angel,,
mantis_religiosa_img_000214,train/images/mantis_religiosa_img_000214.jpg,train/labels/mantis_religiosa_img_000214.txt,train,mantis-religiosa-linnaeus.yolov8.zip,train,Mantis religiosa,img_000214,Dataset/Mantis religiosa Linnaeus/img_000214.jpg,European mantid,Mantodea,Mantidae,religiosa,two_pairs,tegmina,chewing,filiform,,grasping,elongated,no_waist,,Angel,,
mantis_religiosa_img_000216,train/images/mantis_religiosa_img_000216.jpg,train/labels/mantis_religiosa_img_000216.txt,train,mantis-religiosa-linnaeus.yolov8.zip,valid,Mantis religiosa,img_000216,Dataset/Mantis religiosa Linnaeus/img_000216.jpg,European mantid,Mantodea,Mantidae,religiosa,two_pairs,tegmina,chewing,filiform,,grasping,elongated,no_waist,,Angel,,
mantis_religiosa_img_000208,train/images/mantis_religiosa_img_000208.jpg,train/labels/mantis_religiosa_img_000208.txt,train,mantis-religiosa-linnaeus.yolov8.zip,train,Mantis religiosa,img_000208,Dataset/Mantis religiosa Linnaeus/img_000208.jpg,European mantid,Mantodea,Mantidae,religiosa,two_pairs,tegmina,chewing,filiform,,grasping,elongated,no_waist,,Angel,,
mantis_religiosa_img_000178,train/images/mantis_religiosa_img_000178.jpg,train/labels/mantis_religiosa_img_000178.txt,train,mantis-religiosa-linnaeus.yolov8.zip,train,Mantis religiosa,img_000178,Dataset/Mantis religiosa Linnaeus/img_000178.jpg,European mantid,Mantodea,Mantidae,religiosa,two_pairs,tegmina,chewing,filiform,,grasping,elongated,no_waist,,Angel,,
mantis_religiosa_img_000184,train/images/mantis_religiosa_img_000184.jpg,train/labels/mantis_religiosa_img_000184.txt,train,mantis-religiosa-linnaeus.yolov8.zip,train,Mantis religiosa,img_000184,Dataset/Mantis religiosa Linnaeus/img_000184.jpg,European mantid,Mantodea,Mantidae,religiosa,two_pairs,tegmina,chewing,filiform,,grasping,elongated,no_waist,,Angel,,
mantis_religiosa_img_000207,train/images/mantis_religiosa_img_000207.jpg,train/labels/mantis_religiosa_img_000207.txt,train,mantis-religiosa-linnaeus.yolov8.zip,train,Mantis religiosa,img_000207,Dataset/Mantis religiosa Linnaeus/img_000207.jpg,European mantid,Mantodea,Mantidae,religiosa,two_pairs,tegmina,chewing,filiform,,grasping,elongated,no_waist,,Angel,,
mantis_religiosa_img_000221,train/images/mantis_religiosa_img_000221.jpg,train/labels/mantis_religiosa_img_000221.txt,train,mantis-religiosa-linnaeus.yolov8.zip,valid,Mantis religiosa,img_000221,Dataset/Mantis religiosa Linnaeus/img_000221.jpg,European mantid,Mantodea,Mantidae,religiosa,two_pairs,tegmina,chewing,filiform,,grasping,elongated,no_waist,,Angel,,
mantis_religiosa_img_000209,train/images/mantis_religiosa_img_000209.jpg,train/labels/mantis_religiosa_img_000209.txt,train,mantis-religiosa-linnaeus.yolov8.zip,valid,Mantis religiosa,img_000209,Dataset/Mantis religiosa Linnaeus/img_000209.jpg,European mantid,Mantodea,Mantidae,religiosa,two_pairs,tegmina,chewing,filiform,,grasping,elongated,no_waist,,Angel,,
mantis_religiosa_img_000219,train/images/mantis_religiosa_img_000219.jpg,train/labels/mantis_religiosa_img_000219.txt,train,mantis-religiosa-linnaeus.yolov8.zip,train,Mantis religiosa,img_000219,Dataset/Mantis religiosa Linnaeus/img_000219.jpg,European mantid,Mantodea,Mantidae,religiosa,two_pairs,tegmina,chewing,filiform,,grasping,elongated,no_waist,,Angel,,
mantis_religiosa_img_000182,train/images/mantis_religiosa_img_000182.jpg,train/labels/mantis_religiosa_img_000182.txt,train,mantis-religiosa-linnaeus.yolov8.zip,train,Mantis religiosa,img_000182,Dataset/Mantis religiosa Linnaeus/img_000182.jpg,European mantid,Mantodea,Mantidae,religiosa,two_pairs,tegmina,chewing,filiform,,grasping,elongated,no_waist,,Angel,,
mantis_religiosa_img_000218,train/images/mantis_religiosa_img_000218.jpg,train/labels/mantis_religiosa_img_000218.txt,train,mantis-religiosa-linnaeus.yolov8.zip,train,Mantis religiosa,img_000218,Dataset/Mantis religiosa Linnaeus/img_000218.jpg,European mantid,Mantodea,Mantidae,religiosa,two_pairs,tegmina,chewing,filiform,,grasping,elongated,no_waist,,Angel,,
mantis_religiosa_img_000170,train/images/mantis_religiosa_img_000170.jpg,train/labels/mantis_religiosa_img_000170.txt,train,mantis-religiosa-linnaeus.yolov8.zip,valid,Mantis religiosa,img_000170,Dataset/Mantis religiosa Linnaeus/img_000170.jpg,European mantid,Mantodea,Mantidae,religiosa,two_pairs,tegmina,chewing,filiform,,grasping,elongated,no_waist,,Angel,,
mantis_religiosa_img_000197,train/images/mantis_religiosa_img_000197.jpg,train/labels/mantis_religiosa_img_000197.txt,train,mantis-religiosa-linnaeus.yolov8.zip,train,Mantis religiosa,img_000197,Dataset/Mantis religiosa Linnaeus/img_000197.jpg,European mantid,Mantodea,Mantidae,religiosa,two_pairs,tegmina,chewing,filiform,,grasping,elongated,no_waist,,Angel,,
mantis_religiosa_img_000183,train/images/mantis_religiosa_img_000183.jpg,train/labels/mantis_religiosa_img_000183.txt,train,mantis-religiosa-linnaeus.yolov8.zip,train,Mantis religiosa,img_000183,Dataset/Mantis religiosa Linnaeus/img_000183.jpg,European mantid,Mantodea,Mantidae,religiosa,two_pairs,tegmina,chewing,filiform,,grasping,elongated,no_waist,,Angel,,
mantis_religiosa_img_000203,train/images/mantis_religiosa_img_000203.jpg,train/labels/mantis_religiosa_img_000203.txt,train,mantis-religiosa-linnaeus.yolov8.zip,train,Mantis religiosa,img_000203,Dataset/Mantis religiosa Linnaeus/img_000203.jpg,European mantid,Mantodea,Mantidae,religiosa,two_pairs,tegmina,chewing,filiform,,grasping,elongated,no_waist,,Angel,,
mantis_religiosa_img_000206,train/images/mantis_religiosa_img_000206.jpg,train/labels/mantis_religiosa_img_000206.txt,train,mantis-religiosa-linnaeus.yolov8.zip,train,Mantis religiosa,img_000206,Dataset/Mantis religiosa Linnaeus/img_000206.jpg,European mantid,Mantodea,Mantidae,religiosa,two_pairs,tegmina,chewing,filiform,,grasping,elongated,no_waist,,Angel,,
mantis_religiosa_img_000198,train/images/mantis_religiosa_img_000198.jpg,train/labels/mantis_religiosa_img_000198.txt,train,mantis-religiosa-linnaeus.yolov8.zip,train,Mantis religiosa,img_000198,Dataset/Mantis religiosa Linnaeus/img_000198.jpg,European mantid,Mantodea,Mantidae,religiosa,two_pairs,tegmina,chewing,filiform,,grasping,elongated,no_waist,,Angel,,
mantis_religiosa_img_000179,train/images/mantis_religiosa_img_000179.jpg,train/labels/mantis_religiosa_img_000179.txt,train,mantis-religiosa-linnaeus.yolov8.zip,train,Mantis religiosa,img_000179,Dataset/Mantis religiosa Linnaeus/img_000179.jpg,European mantid,Mantodea,Mantidae,religiosa,two_pairs,tegmina,chewing,filiform,,grasping,elongated,no_waist,,Angel,,
mantis_religiosa_img_000204,train/images/mantis_religiosa_img_000204.jpg,train/labels/mantis_religiosa_img_000204.txt,train,mantis-religiosa-linnaeus.yolov8.zip,valid,Mantis religiosa,img_000204,Dataset/Mantis religiosa Linnaeus/img_000204.jpg,European mantid,Mantodea,Mantidae,religiosa,two_pairs,tegmina,chewing,filiform,,grasping,elongated,no_waist,,Angel,,
mantis_religiosa_img_000174,valid/images/mantis_religiosa_img_000174.jpg,valid/labels/mantis_religiosa_img_000174.txt,valid,mantis-religiosa-linnaeus.yolov8.zip,train,Mantis religiosa,img_000174,Dataset/Mantis religiosa Linnaeus/img_000174.jpg,European mantid,Mantodea,Mantidae,religiosa,two_pairs,tegmina,chewing,filiform,,grasping,elongated,no_waist,,Angel,,
mantis_religiosa_img_000167,valid/images/mantis_religiosa_img_000167.jpg,valid/labels/mantis_religiosa_img_000167.txt,valid,mantis-religiosa-linnaeus.yolov8.zip,train,Mantis religiosa,img_000167,Dataset/Mantis religiosa Linnaeus/img_000167.jpg,European mantid,Mantodea,Mantidae,religiosa,two_pairs,tegmina,chewing,filiform,,grasping,elongated,no_waist,,Angel,,
mantis_religiosa_img_000205,valid/images/mantis_religiosa_img_000205.jpg,valid/labels/mantis_religiosa_img_000205.txt,valid,mantis-religiosa-linnaeus.yolov8.zip,test,Mantis religiosa,img_000205,Dataset/Mantis religiosa Linnaeus/img_000205.jpg,European mantid,Mantodea,Mantidae,religiosa,two_pairs,tegmina,chewing,filiform,,grasping,elongated,no_waist,,Angel,,
mantis_religiosa_img_000165,valid/images/mantis_religiosa_img_000165.jpg,valid/labels/mantis_religiosa_img_000165.txt,valid,mantis-religiosa-linnaeus.yolov8.zip,valid,Mantis religiosa,img_000165,Dataset/Mantis religiosa Linnaeus/img_000165.jpg,European mantid,Mantodea,Mantidae,religiosa,two_pairs,tegmina,chewing,filiform,,grasping,elongated,no_waist,,Angel,,
mantis_religiosa_img_000172,valid/images/mantis_religiosa_img_000172.jpg,valid/labels/mantis_religiosa_img_000172.txt,valid,mantis-religiosa-linnaeus.yolov8.zip,train,Mantis religiosa,img_000172,Dataset/Mantis religiosa Linnaeus/img_000172.jpg,European mantid,Mantodea,Mantidae,religiosa,two_pairs,tegmina,chewing,filiform,,grasping,elongated,no_waist,,Angel,,
mantis_religiosa_img_000175,valid/images/mantis_religiosa_img_000175.jpg,valid/labels/mantis_religiosa_img_000175.txt,valid,mantis-religiosa-linnaeus.yolov8.zip,train,Mantis religiosa,img_000175,Dataset/Mantis religiosa Linnaeus/img_000175.jpg,European mantid,Mantodea,Mantidae,religiosa,two_pairs,tegmina,chewing,filiform,,grasping,elongated,no_waist,,Angel,,
mantis_religiosa_img_000211,valid/images/mantis_religiosa_img_000211.jpg,valid/labels/mantis_religiosa_img_000211.txt,valid,mantis-religiosa-linnaeus.yolov8.zip,train,Mantis religiosa,img_000211,Dataset/Mantis religiosa Linnaeus/img_000211.jpg,European mantid,Mantodea,Mantidae,religiosa,two_pairs,tegmina,chewing,filiform,,grasping,elongated,no_waist,,Angel,,
mantis_religiosa_img_000200,valid/images/mantis_religiosa_img_000200.jpg,valid/labels/mantis_religiosa_img_000200.txt,valid,mantis-religiosa-linnaeus.yolov8.zip,test,Mantis religiosa,img_000200,Dataset/Mantis religiosa Linnaeus/img_000200.jpg,European mantid,Mantodea,Mantidae,religiosa,two_pairs,tegmina,chewing,filiform,,grasping,elongated,no_waist,,Angel,,
mantis_religiosa_img_000173,valid/images/mantis_religiosa_img_000173.jpg,valid/labels/mantis_religiosa_img_000173.txt,valid,mantis-religiosa-linnaeus.yolov8.zip,train,Mantis religiosa,img_000173,Dataset/Mantis religiosa Linnaeus/img_000173.jpg,European mantid,Mantodea,Mantidae,religiosa,two_pairs,tegmina,chewing,filiform,,grasping,elongated,no_waist,,Angel,,
mantis_religiosa_img_000185,valid/images/mantis_religiosa_img_000185.jpg,valid/labels/mantis_religiosa_img_000185.txt,valid,mantis-religiosa-linnaeus.yolov8.zip,train,Mantis religiosa,img_000185,Dataset/Mantis religiosa Linnaeus/img_000185.jpg,European mantid,Mantodea,Mantidae,religiosa,two_pairs,tegmina,chewing,filiform,,grasping,elongated,no_waist,,Angel,,
mantis_religiosa_img_000202,valid/images/mantis_religiosa_img_000202.jpg,valid/labels/mantis_religiosa_img_000202.txt,valid,mantis-religiosa-linnaeus.yolov8.zip,train,Mantis religiosa,img_000202,Dataset/Mantis religiosa Linnaeus/img_000202.jpg,European mantid,Mantodea,Mantidae,religiosa,two_pairs,tegmina,chewing,filiform,,grasping,elongated,no_waist,,Angel,,
mantis_religiosa_img_000187,test/images/mantis_religiosa_img_000187.jpg,test/labels/mantis_religiosa_img_000187.txt,test,mantis-religiosa-linnaeus.yolov8.zip,train,Mantis religiosa,img_000187,Dataset/Mantis religiosa Linnaeus/img_000187.jpg,European mantid,Mantodea,Mantidae,religiosa,two_pairs,tegmina,chewing,filiform,,grasping,elongated,no_waist,,Angel,,
mantis_religiosa_img_000180,test/images/mantis_religiosa_img_000180.jpg,test/labels/mantis_religiosa_img_000180.txt,test,mantis-religiosa-linnaeus.yolov8.zip,train,Mantis religiosa,img_000180,Dataset/Mantis religiosa Linnaeus/img_000180.jpg,European mantid,Mantodea,Mantidae,religiosa,two_pairs,tegmina,chewing,filiform,,grasping,elongated,no_waist,,Angel,,
mantis_religiosa_img_000199,test/images/mantis_religiosa_img_000199.jpg,test/labels/mantis_religiosa_img_000199.txt,test,mantis-religiosa-linnaeus.yolov8.zip,train,Mantis religiosa,img_000199,Dataset/Mantis religiosa Linnaeus/img_000199.jpg,European mantid,Mantodea,Mantidae,religiosa,two_pairs,tegmina,chewing,filiform,,grasping,elongated,no_waist,,Angel,,
mantis_religiosa_img_000177,test/images/mantis_religiosa_img_000177.jpg,test/labels/mantis_religiosa_img_000177.txt,test,mantis-religiosa-linnaeus.yolov8.zip,train,Mantis religiosa,img_000177,Dataset/Mantis religiosa Linnaeus/img_000177.jpg,European mantid,Mantodea,Mantidae,religiosa,two_pairs,tegmina,chewing,filiform,,grasping,elongated,no_waist,,Angel,,
mantis_religiosa_img_000201,test/images/mantis_religiosa_img_000201.jpg,test/labels/mantis_religiosa_img_000201.txt,test,mantis-religiosa-linnaeus.yolov8.zip,train,Mantis religiosa,img_000201,Dataset/Mantis religiosa Linnaeus/img_000201.jpg,European mantid,Mantodea,Mantidae,religiosa,two_pairs,tegmina,chewing,filiform,,grasping,elongated,no_waist,,Angel,,
mantis_religiosa_img_000210,test/images/mantis_religiosa_img_000210.jpg,test/labels/mantis_religiosa_img_000210.txt,test,mantis-religiosa-linnaeus.yolov8.zip,train,Mantis religiosa,img_000210,Dataset/Mantis religiosa Linnaeus/img_000210.jpg,European mantid,Mantodea,Mantidae,religiosa,two_pairs,tegmina,chewing,filiform,,grasping,elongated,no_waist,,Angel,,
